ID,기록일시,내식물ID,내식물이름,내용,노트태그,생장단계,성장스냅여부,공개여부,할일여부,완료일시,이미지수,이미지목록,생성일시
408479,2026-07-07 18:52,147135,,새 식물을 추가했어요! 🪴 몬스테라 델리시오사,,,false,false,false,,0,,2026-07-07 18:52
407706,2026-07-04 20:27,70320,필로덴드론 멜라노크리섬,본체 보내드리고 탑 살려봄,,,true,false,false,,1,https://d3jk3dbuafh2pk.cloudfront.net/care-note/QCDappiEh7ccBNA4Dtd0T1MUpT8zsB16_48F69287-668F-4E2F-AB07-B6D7CAC6461D.jpg,2026-07-04 20:27
392486,2026-05-16 18:44,64825,스킨답서스,,,,true,false,false,,1,https://d3jk3dbuafh2pk.cloudfront.net/care-note/Bn8JlwhuhcANjIf7TD1RXz7FZZeyKqWo_2B9EB1C0-E7E9-4C5B-96B9-9FD55D36834C.jpg,2026-05-16 18:45
390654,2026-05-10 22:08,141688,호야 크라시페티올라타,새 식물을 추가했어요! 🪴 호야 크라시페티올라타,,,true,false,false,,1,https://d3jk3dbuafh2pk.cloudfront.net/user-plant/1H4trsXLuZz81yggbtbbXukCby40CADK_5B270D71-B2A7-41E0-96EC-3FAF089CF11A.jpg,2026-05-10 22:08
390643,2026-05-10 22:04,141680,호야 라쿠노사,새 식물을 추가했어요! 🪴 호야 라쿠노사,,,true,false,false,,1,https://d3jk3dbuafh2pk.cloudfront.net/user-plant/0q7FwglKUqySo0kqTU3S7DIbpcyO7AM6_CCB8CF4C-D297-47CA-B790-816E49529E43.jpg,2026-05-10 22:04
390516,2026-05-10 17:51,141654,호야 빌로바타,새 식물을 추가했어요! 🪴 호야 빌로바타,,,true,false,false,,1,https://d3jk3dbuafh2pk.cloudfront.net/user-plant/SwulQhLgEblLlSZB5QsKJXws3HUxPwCA_1E5EA46B-62C8-4C6E-B7C1-5494D7D348AB.jpg,2026-05-10 17:51
390513,2026-05-10 17:32,141651,필로덴드론 멜라노크리섬,새 식물을 추가했어요! 🪴 필로덴드론 멜라노크리섬,,,true,false,false,,1,https://d3jk3dbuafh2pk.cloudfront.net/user-plant/4UWNMHIHIdEFnLkszhOb4hQ6IK1p4j4L_ABB356A7-80A5-4B21-A76C-D8749782130D.jpg,2026-05-10 17:32
390084,2026-05-09 18:49,61246,스킨답서스 픽투스 엑조티카,재식재,,,true,false,false,,1,https://d3jk3dbuafh2pk.cloudfront.net/care-note/U3XpQBt6FEgR2Bxvj2CcwifXLuVbwvYW_BDBEA40F-C88B-46FD-841B-DEE820989C93.jpg,2026-05-09 18:49
372930,2026-03-30 18:33,70317,호야 윌버그레이브,,,blooming,true,false,false,,1,https://d3jk3dbuafh2pk.cloudfront.net/care-note/JBKLghxamNuJYcEznNuPCNE2xcfLZiUS_F6B43574-F69A-4946-8D6B-E01D77B58C5D.png,2026-03-30 18:33
346360,2025-12-28 11:58,127109,민트 아단소니,새 식물을 추가했어요! 🪴 민트 아단소니,,,true,false,false,,1,https://d3jk3dbuafh2pk.cloudfront.net/user-plant/GdtHRWUQrEhmYsp66wRXX9BMiGZoaJr6_E83DB538-23BC-4C51-85EC-B3823E6BB9AC.jpg,2025-12-28 11:58
345112,2025-12-23 19:26,75505,호야 로툰디플로라,첫꽃,,blooming,true,false,false,,1,https://d3jk3dbuafh2pk.cloudfront.net/care-note/LoaQzVKKOn2rlpkvHSPrX2wq6dJ8Qv7I_8CB9BF19-9A3D-4B3F-8958-8FDFF5E302A4.png,2025-12-23 19:26
334052,2025-11-09 19:57,52062,,,,,true,false,false,,1,https://d3jk3dbuafh2pk.cloudfront.net/care-note/ZNsQquZjnBdtW3KQCRQQbhImDr8BXXRP_BEB0ED3C-FFB2-4404-9EBC-77BC22207D96.png,2025-11-09 19:57
333608,2025-11-08 01:02,72954,필로덴드론 버럴막스,,,,true,false,false,,1,https://d3jk3dbuafh2pk.cloudfront.net/care-note/o81DMg63SdTcFni30Hj5EGHYdJ61Ta5A_8A470747-DC62-42EB-BD0F-DBFC04E25578.png,2025-11-08 01:02
326625,2025-10-10 18:46,116573,필로덴드론 마요이,,,,true,false,false,,1,https://d3jk3dbuafh2pk.cloudfront.net/care-note/rcwCjrj8Vcg9y7yjuFLvahLtor6SkUqf_8D2A92EC-1858-4DFA-88B1-8B336F0A20FF.jpg,2025-10-10 18:46
326624,2025-10-10 18:45,116574,필로덴드론 파라이소 베르디,,,,true,false,false,,1,https://d3jk3dbuafh2pk.cloudfront.net/care-note/9UMis4oVavml3YU1rqEcsLBNo3s6STqN_64314AC2-10EA-474F-A7F1-6FEB02B501EC.jpg,2025-10-10 18:45
326623,2025-10-10 18:44,72954,필로덴드론 버럴막스,,,,true,false,false,,1,https://d3jk3dbuafh2pk.cloudfront.net/care-note/lAkcrXdcw9ehN1ADaODD134JJiWdmnqN_B983F26D-B31A-4142-8A18-353ED995093C.png,2025-10-10 18:44
324700,2025-10-03 12:42,120276,,새 식물을 추가했어요! 🪴 산세베리아,,,true,false,false,,1,https://d3jk3dbuafh2pk.cloudfront.net/user-plant/UAVUzx57zYi90zoybUZyiZPtTQNrh6oM_70013E7C-9936-4E7D-9BE3-806F4F3C5ECC.jpg,2025-10-03 12:42
324302,2025-10-01 20:08,66082,핑크 싱고니움,,,,true,false,false,,1,https://d3jk3dbuafh2pk.cloudfront.net/care-note/VSLJKfrFErqBg5G3qIR6y6FKGNwnIQN3_0775E260-49B3-4447-93BC-47CF431C7897.jpg,2025-10-01 20:09
319702,2025-09-15 21:07,70317,호야 윌버그레이브,,,blooming,true,false,false,,1,https://d3jk3dbuafh2pk.cloudfront.net/care-note/nQCwG7moxPAdjLTJzlMsrS4Hg8vRki8z_11F9145A-B89C-4ABA-A05C-5D23F2D2F9D1.png,2025-09-15 21:07
313214,2025-08-24 13:24,116570,,,,,true,false,false,,1,https://d3jk3dbuafh2pk.cloudfront.net/care-note/m6GI837LgeSi1zoZjN5oxkgGFXA6P0b8_D268B37F-3F64-40A0-8952-07C38D60701C.jpg,2025-08-24 13:24
312903,2025-08-23 11:59,90085,,,,,true,false,false,,1,https://d3jk3dbuafh2pk.cloudfront.net/care-note/a7k3HfBd9aBMePr7WUvGdnJ3240B6grj_7734BDC9-22A1-4356-8719-A7E2AD5E8024.png,2025-08-23 12:00
312877,2025-08-23 11:18,48239,산세베리아,"분촉 후 분갈이
무비상토라서 오스모코트 8g
나중에 미량원소 챙겨야됨",,,false,false,false,,0,,2025-08-23 11:18
311373,2025-08-18 19:57,57853,드라세나 수르쿨로사 밀키웨이,"분갈이 하면서 지지대 필요
분촉 가능하면 분촉",비료필요|분갈이필요,,false,false,false,,0,,2025-08-18 19:59
308442,2025-08-09 15:37,115060,스킨답서스 실버 히어로,"새 식물을 추가했어요! 🪴 스킨답서스 실버 히어로, 스킨답서스 실버히어로",,,true,false,false,,1,https://d3jk3dbuafh2pk.cloudfront.net/user-plant/NTIgJs9Ni8NXL4b3QOt6ZxNNB7AKNCno_819B5D98-2EE7-4233-A3BB-487F32C445C5.jpg,2025-08-09 15:37
308441,2025-08-09 15:33,115058,,,,,true,false,false,,1,https://d3jk3dbuafh2pk.cloudfront.net/care-note/rWNPcYoNCkxQAm27Od48UgntPPWTtdqC_FF296262-A222-43A2-8BC7-84D9AD5AF68A.jpg,2025-08-09 15:34
304371,2025-07-27 21:10,105872,,,,,true,false,false,,1,https://d3jk3dbuafh2pk.cloudfront.net/care-note/iPcaOMHVGSZGmoysRJSRQHnlbd6fPipi_275962AB-2E2C-4C34-9E90-664F43C812BF.jpg,2025-07-27 21:10
299726,2025-07-15 07:34,48239,산세베리아,,,,true,false,false,,1,https://d3jk3dbuafh2pk.cloudfront.net/care-note/uy1aRkwnMkqSpmhBN8rrpcLGtU0sduGm_AA923346-AEC4-4BF4-B140-E972D0C0C34E.png,2025-07-15 07:34
299264,2025-07-13 23:51,90085,,,,,true,false,false,,1,https://d3jk3dbuafh2pk.cloudfront.net/care-note/kejGDdqfnbOcSvMPv4CHcZFyP23dXmrY_E1DA1816-10FD-49AB-A8A4-00D591587AAD.png,2025-07-13 23:51
299262,2025-07-13 23:50,72954,필로덴드론 버럴막스,,,,true,false,false,,1,https://d3jk3dbuafh2pk.cloudfront.net/care-note/UugiETGz6vP5Y7YCtdiwqX3oefTFQdRa_A78039FE-E14C-4D61-B52C-F7C75517D908.png,2025-07-13 23:50
299261,2025-07-13 23:49,48232,필로덴드론 옥시카르디움 브라질,,,,true,false,false,,1,https://d3jk3dbuafh2pk.cloudfront.net/care-note/tpNyDNzdQrobgrgYS5nFBYIwFqXbIHTg_AFEF3D17-D3C5-415A-B4E2-38FB6D4A20B8.png,2025-07-13 23:49
299260,2025-07-13 23:47,70319,싱고니움 레드스팟 트리컬러,,,,true,false,false,,1,https://d3jk3dbuafh2pk.cloudfront.net/care-note/EhNlclb61LR9EE8TgYQAVHJ0aVmvLzLq_EE76A73F-86A2-4483-961F-E9894D25EBA9.png,2025-07-13 23:47
299259,2025-07-13 23:46,57852,스테파니아 에렉타,,,,true,false,false,,1,https://d3jk3dbuafh2pk.cloudfront.net/care-note/aoEO6NlQUqv28w68986Rfmf7nXksu70f_94EDE4EF-A7F2-4EBA-A439-08AC0205DDAC.png,2025-07-13 23:47
299258,2025-07-13 23:46,61246,스킨답서스 픽투스 엑조티카,,,,true,false,false,,1,https://d3jk3dbuafh2pk.cloudfront.net/care-note/4LjhIKDlbZFWW3nBf6NyBEKwhIMXaf0p_2A6260FF-7A84-47E6-8069-E7ABAA8F5C0D.png,2025-07-13 23:46
299257,2025-07-13 23:45,48235,립살리스 카스타,,,,true,false,false,,1,https://d3jk3dbuafh2pk.cloudfront.net/care-note/zwFIdHpjUugHDLeM9p5JelfEXGEfNoL2_5B1BF808-607E-489D-954C-54C08D12B9E4.png,2025-07-13 23:45
299255,2025-07-13 23:45,75503,필로덴드론 미칸,,,,true,false,false,,1,https://d3jk3dbuafh2pk.cloudfront.net/care-note/Xo0S4NcApOF7Y55dwmwESv83Vw7Poh1U_B65A7B69-CD14-4385-AADE-3ADCE8C0393E.png,2025-07-13 23:45
299254,2025-07-13 23:43,69568,,,,,true,false,false,,1,https://d3jk3dbuafh2pk.cloudfront.net/care-note/uu6tYKPzQI0Fu7w7OHm4lWmcJEouglIr_A466244A-274A-43E8-A8A0-5B6EFAD3F7BC.png,2025-07-13 23:43
299253,2025-07-13 23:43,91574,,,,,true,false,false,,1,https://d3jk3dbuafh2pk.cloudfront.net/care-note/azRDVmCG7x09tn69R0CpNlOiqhXXnjrP_8D180474-692A-4042-BE85-93B56A392FE6.png,2025-07-13 23:43
299252,2025-07-13 23:42,70317,호야 윌버그레이브,,,,true,false,false,,1,https://d3jk3dbuafh2pk.cloudfront.net/care-note/nhh8YLNAIqHfxWjBemvSChX3XNlivRmT_0059D8E5-1B75-467F-8B54-44963AD5D526.png,2025-07-13 23:42
299251,2025-07-13 23:41,75504,호야 크로니아나 슈퍼에스키모,,,,true,false,false,,1,https://d3jk3dbuafh2pk.cloudfront.net/care-note/SIWOMSR0Iu6gDhzoQ0pUGagjqRhmR2Cu_AE059D2F-7605-4F04-877E-F09F8893109F.png,2025-07-13 23:42
299250,2025-07-13 23:41,75505,호야 로툰디플로라,,,,true,false,false,,1,https://d3jk3dbuafh2pk.cloudfront.net/care-note/R9tK9fhrvC7tLXM6mw015Svhwb1gloC1_695CA33F-0AF9-4442-9F77-43C370AF290F.png,2025-07-13 23:41
299248,2025-07-13 23:41,80870,호야 휴스켈리아나 바리에가타,,,,true,false,false,,1,https://d3jk3dbuafh2pk.cloudfront.net/care-note/frbOoKxTWOMwmWtICT9ZYZMspitSBnRp_FF96309E-DDEF-4B8C-B412-122105DC1704.png,2025-07-13 23:41
299247,2025-07-13 23:40,66085,스킨답서스 오레우스,,,,true,false,false,,1,https://d3jk3dbuafh2pk.cloudfront.net/care-note/10asP6w14b8vYFurR52CXKYJehkXHOmW_B848A1F4-C052-4CA0-A580-60B32EA8B9C6.png,2025-07-13 23:40
299246,2025-07-13 23:39,90605,아라비카 커피나무,,,,true,false,false,,1,https://d3jk3dbuafh2pk.cloudfront.net/care-note/wbCSP80dCD53ef2yjXDrARAtoKTKAeJx_7C42A73B-0E4D-46C9-B76F-0CB71878518A.png,2025-07-13 23:39
299244,2025-07-13 23:37,68453,아데니움 오베숨,,,,true,false,false,,1,https://d3jk3dbuafh2pk.cloudfront.net/care-note/qG4m9EtDHkbI5AhHStjNXcJuozyA00s0_D35E38F7-B70B-4E4D-AF3C-605ABF175600.png,2025-07-13 23:37
299243,2025-07-13 23:36,48239,산세베리아,,,blooming,true,false,false,,1,https://d3jk3dbuafh2pk.cloudfront.net/care-note/7kKgyhVQbB9qzZFwO9lQI2KDtWFf8wl7_43661DAA-7F92-4775-9D9B-48B8D0E9CBBD.png,2025-07-13 23:37
296241,2025-07-06 23:08,111192,,새 식물을 추가했어요! 🪴 호야 칭흥엔시스,,,true,false,false,,1,https://d3jk3dbuafh2pk.cloudfront.net/user-plant/hctW62sm7f6cO7Hh7sTJq0GFM9jh4qaS_5E24C373-D5ED-4D22-9ABC-44386C9474B3.jpg,2025-07-06 23:08
295812,2025-07-05 23:36,66022,싱고니움 밀크컨페티,,,,true,false,false,,1,https://d3jk3dbuafh2pk.cloudfront.net/care-note/utZi7HXCLr9aenxEOEJE4KSrNINd2uaQ_E7263331-4BEA-404D-A955-6E4BA5829223.png,2025-07-05 23:36
295809,2025-07-05 23:35,57853,드라세나 수르쿨로사 밀키웨이,,,,true,false,false,,1,https://d3jk3dbuafh2pk.cloudfront.net/care-note/oa1u37tyxJrirmVnGlhsR90Lz5AlT2Ku_36B983DA-E4F1-4E97-AB6E-D6A79A6968DB.png,2025-07-05 23:35
292877,2025-06-29 09:00,70322,안스리움 비타리폴리움,,,,true,false,false,,1,https://d3jk3dbuafh2pk.cloudfront.net/care-note/SrUCmjTYsT5nNm0ziXjd09bJXiu38Iy9_BA852141-68F4-4669-BD73-3BBC2905BB17.png,2025-06-29 09:00
292876,2025-06-29 08:58,48239,산세베리아,,,flowering,true,false,false,,1,https://d3jk3dbuafh2pk.cloudfront.net/care-note/G1cJq5M5jyTWFx83PnSAxdahIinDsf1Y_BCF5E6ED-ACB5-4D6F-9519-6D67C8C25A5C.png,2025-06-29 08:58
292761,2025-06-29 00:15,70320,필로덴드론 멜라노크리섬,응애발견해서 물싸대기 갈김,,,false,false,false,,0,,2025-06-29 00:15
283062,2025-06-07 01:20,53453,파키라,,,,true,false,false,,1,https://d3jk3dbuafh2pk.cloudfront.net/care-note/2icVgS9OEqkbLMr7zWKP51qqqvqYGlNG_E0C21D94-D536-48F0-9156-4E11512E3EA3.jpg,2025-06-07 01:20
282736,2025-06-06 12:52,80870,호야 휴스켈리아나 바리에가타,,,,true,false,false,,1,https://d3jk3dbuafh2pk.cloudfront.net/care-note/VfzabEQsJfLCDGDAnCa0aj8SV7Shq9kK_FBE8D9FB-2634-4F4A-8DED-E98D9E067BE4.png,2025-06-06 12:52
279500,2025-05-31 10:00,105872,,,,,true,false,false,,1,https://d3jk3dbuafh2pk.cloudfront.net/care-note/ENvG0Ms6sbCQ4XgFHgeYQyuSqn9OiY62_257BFCF9-B057-45B2-97FB-A47BF1FE5AAF.jpg,2025-05-31 10:00
279495,2025-05-31 09:41,90605,아라비카 커피나무,,,,true,false,false,,1,https://d3jk3dbuafh2pk.cloudfront.net/care-note/KElwJDKiypddjV5BTp9cbkf3ah79xULF_B2B5E4CD-87F6-4C73-8597-660C9F707261.jpg,2025-05-31 09:41
279494,2025-05-31 09:40,90085,,,,,true,false,false,,1,https://d3jk3dbuafh2pk.cloudfront.net/care-note/MghhY3doFTGQBu25abYH7LWlL5qdrsoK_ABA8C8F2-3EC8-4454-B380-CB43672BDFAA.png,2025-05-31 09:40
279493,2025-05-31 09:38,57853,드라세나 수르쿨로사 밀키웨이,,,,true,false,false,,1,https://d3jk3dbuafh2pk.cloudfront.net/care-note/XK58dHP3HkBcMHlj8ztwOF4ZNJyymct1_AD27DCBD-DC78-4937-A4CE-B3B51B762333.png,2025-05-31 09:38
278946,2025-05-29 21:49,75503,필로덴드론 미칸,,,,true,false,false,,1,https://d3jk3dbuafh2pk.cloudfront.net/care-note/qA2NEqpLbnYTISBPY2kcozoSzlAjuykM_71FB48AA-3D1B-4E90-8591-CF502EFAC82B.jpg,2025-05-29 21:49
278475,2025-05-28 21:33,63639,,멀티코트,,,true,false,false,,1,https://d3jk3dbuafh2pk.cloudfront.net/care-note/4lSzCaOSHsi6MSGb5cNFvxWheetVvk5y_FB413DFD-0A68-4CD9-A68D-9432B2F44D34.jpg,2025-05-28 21:34
278472,2025-05-28 21:27,65280,로즈마리,코니도입제,코니도살포,,false,false,false,,0,,2025-05-28 21:27
277034,2025-05-25 20:28,57851,장미허브,장미허브 유치원,,,true,false,false,,1,https://d3jk3dbuafh2pk.cloudfront.net/care-note/SOjKSWQJ2ZI1t0L1Pa2qkTuluIJATmgp_A2D2D9D8-900C-48CF-B35E-3FB6B3BB712D.jpg,2025-05-25 20:29
276798,2025-05-25 12:07,68453,아데니움 오베숨,가지치기,가지치기,,true,false,false,,1,https://d3jk3dbuafh2pk.cloudfront.net/care-note/sVMfOAk14OXLTSrpQbQx8qCpHYcrxApX_25D2A810-90CF-416E-A756-1381D47B6BDA.jpg,2025-05-25 12:08
276063,2025-05-23 19:02,103200,시조바시스 인트리카타,,,,true,false,false,,1,https://d3jk3dbuafh2pk.cloudfront.net/care-note/UCO51AaE8LxXG8BUBClUx62JOuF9JjQq_838B69F1-7CE4-400F-9695-970558A2B1F0.png,2025-05-23 19:02
276060,2025-05-23 18:57,68453,아데니움 오베숨,,,,true,false,false,,1,https://d3jk3dbuafh2pk.cloudfront.net/care-note/f5FI450g1hv3tx2D5RPdsznsloii8w45_7DB5D5D8-1C1B-4947-960D-ACEC3FB82217.png,2025-05-23 18:57
276057,2025-05-23 18:56,75504,호야 크로니아나 슈퍼에스키모,,,,true,false,false,,1,https://d3jk3dbuafh2pk.cloudfront.net/care-note/SyqIz3hj5wE6OZRXNtxrsKZ4B6Etnouj_4BA63B55-8030-4486-8D9D-81758F58D63B.jpg,2025-05-23 18:56
276056,2025-05-23 18:55,75504,호야 크로니아나 슈퍼에스키모,,,flowering,true,false,false,,2,https://d3jk3dbuafh2pk.cloudfront.net/care-note/Ng0Kh8yEzVOfxKCe1EqGvWmeOJejI6Ak_F4509577-64BD-441A-8966-FF6C645D3B03.png|https://d3jk3dbuafh2pk.cloudfront.net/care-note/OXrF8bUYNmD9JVLllaLQuQtK3PBNoixo_A43301A6-CF89-4AE5-957F-E5072719504A.png,2025-05-23 18:55
275202,2025-05-21 22:02,104483,,새 식물을 추가했어요! 🪴 스킨답서스 엔조이,,,true,false,false,,1,https://d3jk3dbuafh2pk.cloudfront.net/user-plant/Faw5h8BCQuwK2BlCFfN1Vw7QjAxEW0ja_A755B399-07D6-42C4-A7AD-2FCBF9DB75D1.jpg,2025-05-21 22:02
274252,2025-05-19 22:13,58183,,,,,true,false,false,,1,https://d3jk3dbuafh2pk.cloudfront.net/care-note/xBrFqen6xti40qHCCmjpbjvxRv3qz2le_FF9B6D27-73F8-4879-82EA-952C1B523696.png,2025-05-19 22:13
271633,2025-05-14 19:21,103292,테이블야자,새 식물을 추가했어요! 🪴 테이블야자,,,true,false,false,,1,https://d3jk3dbuafh2pk.cloudfront.net/user-plant/B8fhCBng3CpFGHxkwINQJm88IgI6LLWT_74236105-1C5D-49C4-924D-1D987A68627A.jpg,2025-05-14 19:21
271258,2025-05-13 22:51,103200,시조바시스 인트리카타,죽은줄 알고 내다 버릴라 그랬더니 왜 용케 살아나는거니,,,true,false,false,,1,https://d3jk3dbuafh2pk.cloudfront.net/care-note/pnQktu3Ae24QkeqRSEsWPbVHC8IlZsWW_70ACBF3F-8CFD-43F6-846F-EFBD8D123BD0.jpg,2025-05-13 22:51
271256,2025-05-13 22:50,103200,시조바시스 인트리카타,새 식물을 추가했어요! 🪴 시조바시스 인트리카타,,,true,false,false,,1,https://d3jk3dbuafh2pk.cloudfront.net/user-plant/MdWONEyGIuLbSlLgyjzgDBad2LrrLl76_C1B9A141-4958-4577-90DA-F26788088124.jpg,2025-05-13 22:50
270741,2025-05-12 22:05,75503,필로덴드론 미칸,,,,true,false,false,,1,https://d3jk3dbuafh2pk.cloudfront.net/care-note/svN28TMhOvRiBVxR44sArPtnvfsYTZDl_B56EE74F-E117-48C9-8998-A728D3516634.png,2025-05-12 22:05
270732,2025-05-12 21:55,67035,스킨답서스 트루비 문라이트,,,,true,false,false,,1,https://d3jk3dbuafh2pk.cloudfront.net/care-note/YkUHq0CE08GkIKnUeF5IAXIpMjTh9qXN_C6ECA503-25DE-4F46-AEB8-9E3BCD7DE2B1.jpg,2025-05-12 21:56
270730,2025-05-12 21:54,61246,스킨답서스 픽투스 엑조티카,,,,true,false,false,,1,https://d3jk3dbuafh2pk.cloudfront.net/care-note/uqZ7hruGD4geCfv41ny8pMoZTvtj0O6f_0EE08398-78AD-4D90-AB01-D059AB38E7DD.png,2025-05-12 21:54
270087,2025-05-11 17:50,53453,파키라,,,,true,false,false,,1,https://d3jk3dbuafh2pk.cloudfront.net/care-note/zxPTEF4gJMYG2NATH73GP908nUlk0g2Z_853EAF74-491E-46CA-BCE6-F02903809567.png,2025-05-11 17:51
270082,2025-05-11 17:46,52060,쉐프렐라,,,,true,false,false,,1,https://d3jk3dbuafh2pk.cloudfront.net/care-note/AA1Oqr62sIl05WqQEIrksYXGyCWAcm2L_C5A505AF-84A2-44DC-9781-2B0C184A26C3.png,2025-05-11 17:46
270079,2025-05-11 17:45,48237,올리브나무,,,,true,false,false,,1,https://d3jk3dbuafh2pk.cloudfront.net/care-note/BngchVTHCm2kfADafCcapE36lwD0gpxM_FC4AD569-D4E0-4F00-8067-10F76085D92D.png,2025-05-11 17:45
269925,2025-05-11 12:16,63637,마오리 소포라,,,,true,false,false,,1,https://d3jk3dbuafh2pk.cloudfront.net/care-note/NHJTTjN4ksv9kMo4YKGVW36S56top6YX_5A89FAC8-C9CE-4C5B-8783-5D09DEA6769F.png,2025-05-11 12:16
269920,2025-05-11 12:15,57851,장미허브,,,,true,false,false,,1,https://d3jk3dbuafh2pk.cloudfront.net/care-note/wrC2uXMuTRLjcLuxD51OMcEbf3atX3Kq_D31E6A4B-CCDD-4E06-98C2-1A9C919B3805.png,2025-05-11 12:15
268774,2025-05-08 22:01,57851,장미허브,아 ㅡㅡ,,,true,false,false,,1,https://d3jk3dbuafh2pk.cloudfront.net/care-note/NcURp2aTPs9aEZ4zZ8JDm17cYCVGBFZH_C6ACDD82-F977-4549-AF6A-43065DDD4812.png,2025-05-08 22:01
261434,2025-04-25 15:57,80869,윌리 아이비,,,,true,false,false,,1,https://d3jk3dbuafh2pk.cloudfront.net/care-note/pUI3Bsz5EOefvtQ0ouMjzEsNXI4XeqqA_CCE3DC92-1612-4450-B5E1-1153D4F85B22.jpg,2025-04-25 15:57
261433,2025-04-25 15:56,56574,브레이니아 니보사,,,,true,false,false,,1,https://d3jk3dbuafh2pk.cloudfront.net/care-note/0l48SKERrM3xSdIKasGqZZAsWAz0YL5n_1D3566D8-EE31-413E-AE53-740413070882.jpg,2025-04-25 15:56
259620,2025-04-22 21:16,99120,,,,,true,false,false,,1,https://d3jk3dbuafh2pk.cloudfront.net/care-note/iV0VxoN2s2wznHfElthy1vMNNNAplDtS_BD1BE986-3EEF-4076-A5DA-EAD958E3AD6C.jpg,2025-04-22 21:16
252358,2025-04-11 13:20,57850,쉐프렐라 선버스터,,,,true,false,false,,1,https://d3jk3dbuafh2pk.cloudfront.net/photo/user-photo_8230_78B6F721-8E08-4683-ADD2-0D6F37A19387%252FL0%252F001_1744345210181_1744352175399_HIGH_YunwOJ_ios_IMG_4307.HEIC,2025-04-11 15:18
249266,2025-04-07 17:35,75505,호야 로툰디플로라,,,,true,false,false,,1,https://d3jk3dbuafh2pk.cloudfront.net/care-note/ia6T5yOweGuyXZmpHpZ2CZMjAWjX3fuP_38472867-E020-45AA-988C-0B90774F6507.jpg,2025-04-07 17:35
249264,2025-04-07 17:34,60928,,,,,true,false,false,,1,https://d3jk3dbuafh2pk.cloudfront.net/care-note/kdLizwmsANzsmY6s4wKhh25fJ7JyeJKo_E080E11B-8DD5-42DD-82E5-EBCBCE6315AC.png,2025-04-07 17:34
247145,2025-04-04 20:55,59914,필로덴드론 플로리다 뷰티 바리에가타,,,,true,false,false,,1,https://d3jk3dbuafh2pk.cloudfront.net/care-note/bFgYWHgke7pu2ONpOXbXnAC2RVbEQzxR_DE86CB73-7250-4CD0-AB9C-21D4D8ADED87.png,2025-04-04 20:55
243106,2025-03-30 14:36,93001,청짜보,새 식물을 추가했어요! 🪴 청짜보,,,true,false,false,,1,https://d3jk3dbuafh2pk.cloudfront.net/user-plant/FXybcyRFaqnKtq5gdn2hKs40ouP8T2IE_953D8490-20B7-4A46-9CF0-BBACA874FD0A.jpg,2025-03-30 14:36
243074,2025-03-30 13:42,92990,하트아이비,,,,true,false,false,,1,https://d3jk3dbuafh2pk.cloudfront.net/care-note/Oi2afWzcEko9yscwK54uvypsdADFe25f_5F6754A2-A885-472B-A352-4C7D63A89467.png,2025-03-30 13:42
241878,2025-03-28 18:38,75504,호야 크로니아나 슈퍼에스키모,,,,true,false,false,,1,https://d3jk3dbuafh2pk.cloudfront.net/care-note/kWm68BVAEj37n8s4lpYhaHYw1y1dkUXO_0AC2443A-549E-433A-BF02-559D2627003E.png,2025-03-28 18:38
241876,2025-03-28 18:32,70317,호야 윌버그레이브,,,,true,false,false,,1,https://d3jk3dbuafh2pk.cloudfront.net/care-note/dfLUvRTxh9ebcr9V2tBKtcJH0sh10jvK_F592E7AC-48B9-41EF-B53B-9CB4A8BAA34B.jpg,2025-03-28 18:32
241875,2025-03-28 18:29,75505,호야 로툰디플로라,,,,true,false,false,,1,https://d3jk3dbuafh2pk.cloudfront.net/care-note/T8cAdFZJd4WFHEciSJTh2YN5opwiPs8A_CF613BEB-69CE-46D2-85AA-8408F5E60A8A.png,2025-03-28 18:29
241874,2025-03-28 18:24,61268,제주애기모람,,,,true,false,false,,1,https://d3jk3dbuafh2pk.cloudfront.net/care-note/OiQM1vOcAjJ3wEgWU1hgLWOWnqdAAcaf_978B51AF-508B-4D55-9DAE-EBD12FE4C7DC.png,2025-03-28 18:24
239296,2025-03-24 23:02,91574,,새 식물을 추가했어요! 🪴 몬스테라 델리시오사,,,true,false,false,,1,https://d3jk3dbuafh2pk.cloudfront.net/user-plant/J2uPzfmX40j0rApjYseX8b3eKMxpp2mA_A77102FE-0171-4ACF-8A97-51FE5C0603E2.jpg,2025-03-24 23:02
237149,2025-03-22 09:57,90605,아라비카 커피나무,새 식물을 추가했어요! 🪴 아라비카 커피나무,,,true,false,false,,1,https://d3jk3dbuafh2pk.cloudfront.net/user-plant/549XqiMPFOYEsgmrF9sMxRC6Hs6AtPGj_22196A45-2070-433B-8283-FA83F226E1F4.jpg,2025-03-22 09:57
236806,2025-03-21 18:07,48239,산세베리아,,,,true,false,false,,1,https://d3jk3dbuafh2pk.cloudfront.net/care-note/YUzwkSFqsre73fj0qqN8FTS7Qf6dgqdA_DD2144A1-EDEF-4BBC-9ADE-EF712FD6253F.png,2025-03-21 18:07
235976,2025-03-19 22:13,90085,,"새 식물을 추가했어요! 🪴 홍콩야자, 쉐프렐라",,,true,false,false,,1,https://d3jk3dbuafh2pk.cloudfront.net/user-plant/uBsZNpjwMZyIwI3GxYYwdrLUSFIvBKIb_6AD3B6A0-7DDA-4F87-9526-55E0057DD5FD.jpg,2025-03-19 22:13
232633,2025-03-15 13:47,61246,스킨답서스 픽투스 엑조티카,"코니도입제 살포, 오스모코트 소량",,,false,false,false,,0,,2025-03-15 13:47
232632,2025-03-15 13:46,48232,필로덴드론 옥시카르디움 브라질,코니도입제 살포,,,false,false,false,,0,,2025-03-15 13:46
232631,2025-03-15 13:45,68530,,빅카드 관수,,,false,false,false,,0,,2025-03-15 13:45
232630,2025-03-15 13:43,73090,반딧불이아이비,코니도입제 살포,,,false,false,false,,0,,2025-03-15 13:43
232629,2025-03-15 13:43,75501,달마시안 아이비,코니도입제 살포,,,false,false,false,,0,,2025-03-15 13:43
232628,2025-03-15 13:42,59730,골든잉곳아이비,코니도입제,,,false,false,false,,0,,2025-03-15 13:42
232539,2025-03-15 10:42,56573,,"12호 분업
오스모코트 소량
코니도입제",,,false,false,false,,0,,2025-03-15 10:43
232510,2025-03-15 09:43,72954,필로덴드론 버럴막스,빅카드관수,,new leaf,true,false,false,,1,https://d3jk3dbuafh2pk.cloudfront.net/care-note/EjPrneC2vaT7igLSFmEpMFX0pfJ91MwJ_9A34D0F0-F7B8-4CA3-90AA-8DEA3DC4E0F3.jpg,2025-03-15 09:44
232499,2025-03-15 09:27,56572,에피프레넘 피나텀 바리에가타,빅카드 관수,,,true,false,false,,1,https://d3jk3dbuafh2pk.cloudfront.net/care-note/vfTtoFZNUgXV0W1HF5i86HdFxQdhOYac_AAF5E55B-FAAA-424D-AFE4-E8AB6111C084.jpg,2025-03-15 09:28
232495,2025-03-15 09:23,66085,스킨답서스 오레우스,"코니도입제 살포
11cm 분갈이",,,true,false,false,,1,https://d3jk3dbuafh2pk.cloudfront.net/care-note/LyIiRDXZipTZUFqdiS9LXcOjl7H7vY29_A0AB3A52-834D-4755-8723-8DEE473419E5.jpg,2025-03-15 09:24
232479,2025-03-15 08:59,63639,,"코니도입제 살포
화분 사이즈 줄임
뿌리 영양제 2알",,,true,false,false,,1,https://d3jk3dbuafh2pk.cloudfront.net/care-note/L67ec7GnyLMTCEO6TVppfDn0bIL4ja84_BE035C3B-1BAD-4244-A9D5-E71778FE4F26.jpg,2025-03-15 09:00
227176,2025-03-09 16:15,48237,올리브나무,"21cm 토분
코니도입제
오스모코트 12g",,,false,false,false,,0,,2025-03-09 16:16
227060,2025-03-09 12:37,57853,드라세나 수르쿨로사 밀키웨이,"오스모코트 3g
코니도입제",,,false,false,false,,0,,2025-03-09 12:38
227030,2025-03-09 11:32,48247,벤자민 고무나무,"오스모코트 5g
빅카드 관수",,,false,false,false,,0,,2025-03-09 11:32
226528,2025-03-08 17:28,70322,안스리움 비타리폴리움,"코니도입제
오스모코트 3g
12cm?",,,false,false,false,,0,,2025-03-08 17:28
226453,2025-03-08 15:41,56570,스킨답서스 픽투스 아르지리우스,"뿌리영양제 3알
멀티코트 10알
10cm",,,false,false,false,,0,,2025-03-08 15:41
226442,2025-03-08 15:25,56572,에피프레넘 피나텀 바리에가타,"11cm
오스모코트 2g",,,false,false,false,,0,,2025-03-08 15:26
226436,2025-03-08 15:22,57746,에피프레넘 피나텀 마블,"오스모코트 4g
빅카드 관수 완료",,,false,false,false,,0,,2025-03-08 15:23
226178,2025-03-08 10:33,68530,,"오스모코트 6g
코니도 안넣어줘서 빅카드 관수해주어야함",,,true,false,false,,1,https://d3jk3dbuafh2pk.cloudfront.net/care-note/d30E7zxKPCtlxifZ478yTTHWfLwyJaBY_2F2F7F35-354D-421E-B6C1-E65E2B8F53A2.png,2025-03-08 10:35
216272,2025-02-22 12:45,66082,핑크 싱고니움,,,,true,false,false,,1,https://d3jk3dbuafh2pk.cloudfront.net/care-note/OlzjH0OVUFSxSgWuFPA7jF5FEOcCNwc1_BFAB613E-066F-4C73-BB40-3E0F724A569F.jpg,2025-02-22 12:45
216268,2025-02-22 12:43,80877,,"죽은 잎 다 뜯어내고 분갈이
과연 무늬가 살아있을까?",,,true,false,false,,1,https://d3jk3dbuafh2pk.cloudfront.net/care-note/yVHKzzy4eQHPWtV1mBMU99Vst2zPNnQL_35367B0F-B9BF-4CE1-8347-6F6E38559F93.jpg,2025-02-22 12:43
213471,2025-02-19 16:54,80877,,"새 식물을 추가했어요! 🪴 무늬 아단소니, 몬스테라 아단소니 바리에가타",,,true,false,false,,1,https://d3jk3dbuafh2pk.cloudfront.net/user-plant/A5EJa4j58cjGKbYRBxJRSjbpAlPUfpSI_30E5C501-D6A7-47C8-A01C-3414BB8D9ACE.jpg,2025-02-19 16:54
213466,2025-02-19 16:47,80870,호야 휴스켈리아나 바리에가타,,,,true,false,false,,1,https://d3jk3dbuafh2pk.cloudfront.net/care-note/119TsYcUVGLPv0FMWHtKG6kD0lYdMIRj_E1411078-CE08-4DE3-A33C-22571F6CFFC7.jpg,2025-02-19 16:47
213464,2025-02-19 16:47,80870,호야 휴스켈리아나 바리에가타,"새 식물을 추가했어요! 🪴 호야 휴스켈리아나, 호야 휴스켈리아나 바리에가타",,,true,false,false,,1,https://d3jk3dbuafh2pk.cloudfront.net/user-plant/SAv1MnsrwJMH0ynpdQrEgbpuwfgfzEzW_B3149D28-980E-447A-9050-AFB6438D15DF.jpg,2025-02-19 16:47
213463,2025-02-19 16:44,80869,윌리 아이비,,,,true,false,false,,1,https://d3jk3dbuafh2pk.cloudfront.net/care-note/4OoxLpkpbHnyNCyWHgOKuxgRdnteqMos_B9EEE6C6-3C46-4C40-8E16-DD6C3CE5C24B.png,2025-02-19 16:44
213461,2025-02-19 16:39,80867,,새 식물을 추가했어요! 🪴 필로덴드론 버킨,,,true,false,false,,1,https://d3jk3dbuafh2pk.cloudfront.net/user-plant/rZ5V1OyW3qtGN1YMMAzQ4mHlLEZUDVg8_87FD607B-9640-4ADC-A3D4-8DF2999006EF.jpg,2025-02-19 16:39
199626,2025-02-02 09:44,75821,스킨답서스 마야리,새 식물을 추가했어요! 🪴 Scindapsus pictus 'Mayari',,,true,false,false,,1,https://d3jk3dbuafh2pk.cloudfront.net/user-plant/PW83fA1gg3tnWGQPX86UywoTzp3ezs00_9BE57AA7-173C-4F9C-B51E-A681EF277724.jpg,2025-02-02 09:44
198625,2025-01-29 17:29,75505,호야 로툰디플로라,새 식물을 추가했어요! 🪴 호야 로툰디플로라,,,true,false,false,,1,https://d3jk3dbuafh2pk.cloudfront.net/user-plant/veAnDWFyKkyBSFmc8499pQVBwFHBKztA_C1C82060-CBA7-4338-B7AF-45D59BA3D847.jpg,2025-01-29 17:29
198622,2025-01-29 17:21,75504,호야 크로니아나 슈퍼에스키모,새 식물을 추가했어요! 🪴 호야 크로니아나 슈퍼에스키모,,,true,false,false,,1,https://d3jk3dbuafh2pk.cloudfront.net/user-plant/OJPMJpOiauXQAbvfrnjCrIBnE7yF8uS4_E816A5B7-6DA8-4B70-9A75-9FBB11373CDF.jpg,2025-01-29 17:21
198621,2025-01-29 17:12,75503,필로덴드론 미칸,,,,true,false,false,,1,https://d3jk3dbuafh2pk.cloudfront.net/care-note/GY6JgoKEtNNeb4ALKErOMwx1WWrfnYhk_B3783AC7-AF2D-40C2-999F-F1705C370FC9.png,2025-01-29 17:12
198620,2025-01-29 16:59,75501,달마시안 아이비,,,,true,false,false,,1,https://d3jk3dbuafh2pk.cloudfront.net/care-note/1NnyLcU9p9DPoo5mGQNrliZaj73uTTN3_56EEC851-8E5A-497F-A391-84092CAF20C4.png,2025-01-29 17:00
198619,2025-01-29 16:51,73090,반딧불이아이비,,,,true,false,false,,1,https://d3jk3dbuafh2pk.cloudfront.net/care-note/sUHXy1Ipj66kj28tj4ei96RpxaTuGuEt_9DB41819-8C9A-4F40-A1EF-BF7570DEFCF5.png,2025-01-29 16:51
190882,2025-01-05 12:08,73090,반딧불이아이비,새 식물을 추가했어요! 🪴 반딧불이아이비,,,true,false,false,,1,https://d3jk3dbuafh2pk.cloudfront.net/user-plant/JLXejk49SmwXntVkKn9MpKa0U3mjWhEl_71F086DB-8F9C-4E3E-A60E-C827707450D7.jpg,2025-01-05 12:08
190666,2025-01-04 19:47,72954,필로덴드론 버럴막스,,,transplant,true,false,false,,1,https://d3jk3dbuafh2pk.cloudfront.net/care-note/ta2aVojCf5XyuIvulRCOLB5i8eofXqvZ_92B47D28-11F7-45F4-BCB1-1533D06F35A7.png,2025-01-04 19:48
182629,2024-12-07 23:16,70322,안스리움 비타리폴리움,새 식물을 추가했어요! 🪴 안스리움 비타리폴리움,,,true,false,false,,1,https://d3jk3dbuafh2pk.cloudfront.net/user-plant/JGKo9KMEjHQWoMoAiinPWRM3DQ8TbB6n_0DCDC34B-1B01-4EED-8058-2227A460AA6E.jpg,2024-12-07 23:16
182627,2024-12-07 23:14,70320,필로덴드론 멜라노크리섬,새 식물을 추가했어요! 🪴 필로덴드론 멜라노크리섬,,,true,false,false,,1,https://d3jk3dbuafh2pk.cloudfront.net/user-plant/qlNxlO2EZ0FXlUJJsRjPIHZQo9wG107o_9296E4D2-0C72-4A56-9528-F5848BDC1D60.jpg,2024-12-07 23:15
182626,2024-12-07 23:13,70319,싱고니움 레드스팟 트리컬러,새 식물을 추가했어요! 🪴 싱고니움 레드스팟 트리컬러,,,true,false,false,,1,https://d3jk3dbuafh2pk.cloudfront.net/user-plant/vc0aVXf9hZSAzxZtLYPKptgHioPaGAxQ_217DEBFB-BF9A-4456-B571-60C47695E76B.jpg,2024-12-07 23:13
182624,2024-12-07 23:11,70317,호야 윌버그레이브,,,,true,false,false,,1,https://d3jk3dbuafh2pk.cloudfront.net/care-note/VkbkEa5R5XTCIaHXgw1Ej8dHGZF1emUq_2A631EB5-5BB1-4B70-BF21-89229FD40C4E.png,2024-12-07 23:11
182238,2024-12-06 22:14,69568,,,,,true,false,false,,1,https://d3jk3dbuafh2pk.cloudfront.net/care-note/Que7rOEhK8Jb7FHHDPvg3BHx2bJLQjsa_7F5B0446-1A35-4179-A75F-2E1CE9D536B4.jpg,2024-12-06 22:14
177391,2024-11-23 21:30,68538,,새 식물을 추가했어요! 🪴 몬스테라 델리시오사,,,true,false,false,,1,https://d3jk3dbuafh2pk.cloudfront.net/user-plant/tCdJufrvgZrAisNwrr7rsc0qIE9aXrj1_C0765B60-07FA-48AC-BBA3-97657605C2C4.jpg,2024-11-23 21:30
177374,2024-11-23 21:02,68530,,새 식물을 추가했어요! 🪴 몬스테라 델리시오사,,,true,false,false,,1,https://d3jk3dbuafh2pk.cloudfront.net/user-plant/wxQOLjwh3RjlUttVNnpOkaRfHZ1u2v6P_DA871FE8-62F9-4A2F-87F2-B483B5E08A8B.jpg,2024-11-23 21:02
177064,2024-11-23 02:49,68453,아데니움 오베숨,"새 식물을 추가했어요! 🪴 석화, 아데니움 오베숨, 사막의장미",,,true,false,false,,1,https://d3jk3dbuafh2pk.cloudfront.net/user-plant/gOukpy8ASNxx7kk71sN77RbsSnjYuhCP_A1525D11-7D70-4045-B853-4430860304C5.jpg,2024-11-23 02:49
177063,2024-11-23 02:32,48232,필로덴드론 옥시카르디움 브라질,,,,true,false,false,,1,https://d3jk3dbuafh2pk.cloudfront.net/care-note/EdcVDKO1Zm7oF0NCjgYLKqHPObF5xRkJ_FD6CA7DC-F45F-43DA-8B20-AF15381FDC88.png,2024-11-23 02:32
177062,2024-11-23 02:27,61268,제주애기모람,,,,true,false,false,,1,https://d3jk3dbuafh2pk.cloudfront.net/care-note/5nfNUpLZgqBgs8uEL5NAw3pOHj0izf9v_69C6B26D-96E5-4DF9-AD46-235717B287AD.png,2024-11-23 02:27
174574,2024-11-16 10:39,61294,,,,,true,false,false,,1,https://d3jk3dbuafh2pk.cloudfront.net/care-note/e7u86djaTUejXcyaVpPwcVOJrpd6Yu6Q_E62D9D63-303C-492A-B72A-8B7ECD631DAA.png,2024-11-16 10:40
174573,2024-11-16 10:38,61294,,,,,true,false,false,,1,https://d3jk3dbuafh2pk.cloudfront.net/care-note/90Il5Zmz2zwJBOrkD75wgwrgNRlpYtvz_0485DC83-B421-43B2-8E84-BB4B12CED60F.png,2024-11-16 10:38
174572,2024-11-16 10:37,48238,테이블야자,,,,true,false,false,,1,https://d3jk3dbuafh2pk.cloudfront.net/care-note/cPUAYm408PSndts9a90TBOXztfacHSCO_86FE4663-AD29-4A82-AF23-803B1E2E35CE.png,2024-11-16 10:37
174571,2024-11-16 10:35,56573,,,,,true,false,false,,1,https://d3jk3dbuafh2pk.cloudfront.net/care-note/NX1PHqEUM2y2Ns84r4yXfJoR2l6AyLkJ_38380AB7-2B64-428B-B808-67059D15CE9A.png,2024-11-16 10:35
174569,2024-11-16 10:33,59730,골든잉곳아이비,,,,true,false,false,,1,https://d3jk3dbuafh2pk.cloudfront.net/care-note/FRvazn6bvTsS3poOYQOBySIzrsbI0GpK_2DD256FD-0774-4F83-BB13-C29DD9362B80.png,2024-11-16 10:33
174558,2024-11-16 10:09,53453,파키라,"습도계 꽂고 코니도 살포
뿌파 죽어!!",,,true,false,false,,2,https://d3jk3dbuafh2pk.cloudfront.net/care-note/hPzRqACHnwGfjOtXrlQ20jDYUfeg9eJg_B2CED452-39DF-443E-8025-C440CA792617.png|https://d3jk3dbuafh2pk.cloudfront.net/care-note/U6Yxwkm975C6R3QnCywS3EPF4w4hT0l9_07CAAF2E-0292-45F2-97A7-59934C57580B.png,2024-11-16 10:09
174557,2024-11-16 10:07,52060,쉐프렐라,코니도입제 살포,코니도살포,,true,false,false,,2,https://d3jk3dbuafh2pk.cloudfront.net/care-note/VrU8KHceVQAOGQOR4lk2dyC3jEjZlI8H_6B02D746-F7E6-4FC0-9FC1-541615B9525D.png|https://d3jk3dbuafh2pk.cloudfront.net/care-note/Nk1SFzf8sOZxAvdq1riwNg0wVcVu5ZzG_416A854D-06F8-45D7-AD40-A31AC2BD79FC.png,2024-11-16 10:08
173258,2024-11-13 09:29,48237,올리브나무,,,,true,false,false,,1,https://d3jk3dbuafh2pk.cloudfront.net/care-note/eN17kXJfk4SAQhMneCXXQ0iHinXN7abU_4548361C-B6C7-4B21-96B4-A15568C81FD0.png,2024-11-13 09:29
173040,2024-11-12 22:01,56572,에피프레넘 피나텀 바리에가타,,,,true,false,false,,1,https://d3jk3dbuafh2pk.cloudfront.net/care-note/wIWf57big5qTMcAC1WviPxZSJRajYfbg_8EC2DE11-2CE4-4227-9691-B5B5137D9260.png,2024-11-12 22:02
172635,2024-11-11 23:46,57746,에피프레넘 피나텀 마블,,,,true,false,false,,1,https://d3jk3dbuafh2pk.cloudfront.net/care-note/q4fBgJE4Ph3ut5eaZTcyTF21S9riSGJg_BE6FB353-7B23-4759-AFE6-9EE5CC2BB140.png,2024-11-11 23:46
172632,2024-11-11 23:43,57851,장미허브,,,,true,false,false,,2,https://d3jk3dbuafh2pk.cloudfront.net/care-note/pGKus1ITzEMdLAhfRXX1WQvzuwBDX34w_FA9A0E2F-71DC-497F-9CA4-C86303452D08.png|https://d3jk3dbuafh2pk.cloudfront.net/care-note/M0OB74oGXstg2W1HxLPj2TNN22UAtx2B_3F23E41D-EBEE-4062-BB77-02FA7ECE339E.png,2024-11-11 23:43
172631,2024-11-11 23:42,66023,,,,,true,false,false,,1,https://d3jk3dbuafh2pk.cloudfront.net/care-note/WihtMVs8iooy5qvdjLx94QZdMFv0wk8U_B41C9776-3F1F-4DD6-881D-BB870A768417.png,2024-11-11 23:42
172571,2024-11-11 21:22,67035,스킨답서스 트루비 문라이트,,,,true,false,false,,1,https://d3jk3dbuafh2pk.cloudfront.net/care-note/8D6XssNuZDsy0UcNcfEmYtokvF8ZYKwV_E06FF051-8590-4BFC-9072-0E9448E36B5C.png,2024-11-11 21:22
172570,2024-11-11 21:22,67035,스킨답서스 트루비 문라이트,새 식물을 추가했어요! 🪴 스킨답서스 트루비 문라이트,,,true,false,false,,1,https://d3jk3dbuafh2pk.cloudfront.net/user-plant/VycIIAtCtEpL8O9u3S1SSW1Dgc8REyTX_35720818-82D1-43A9-9077-B065197C4484.jpg,2024-11-11 21:22
169596,2024-11-04 22:57,57851,장미허브,,,,true,false,false,,1,https://d3jk3dbuafh2pk.cloudfront.net/care-note/aCeFpY98uPZxlgneV2Ei5y026GQJLbHC_09ABAE17-D96F-48C0-B916-9E4CD5DB7BE9.png,2024-11-04 22:57
169595,2024-11-04 22:55,66023,,,,,true,false,false,,1,https://d3jk3dbuafh2pk.cloudfront.net/care-note/NKFTbSJfWca54qC4LyXQI0hoKFOji9nz_4516C832-4DB3-49C5-BE88-B6E9F8FC8F92.jpg,2024-11-04 22:55
169594,2024-11-04 22:52,66085,스킨답서스 오레우스,,,,true,false,false,,1,https://d3jk3dbuafh2pk.cloudfront.net/care-note/VsSwA92STjgKl5yxjpuqnH0iqcvIPr84_48CA0368-DDC2-4E8B-A4F1-2AC68F3F2C3D.png,2024-11-04 22:52
169593,2024-11-04 22:49,66083,,새 식물을 추가했어요! 🪴 싱고니움,,,true,false,false,,1,https://d3jk3dbuafh2pk.cloudfront.net/user-plant/aK81uz5IBdjJrWAXQ3HMsCj7MZg1fenR_06D49A67-D14C-4DE1-815A-22A58C61C2D4.jpg,2024-11-04 22:49
169592,2024-11-04 22:47,66082,핑크 싱고니움,새 식물을 추가했어요! 🪴 싱고니움,,,true,false,false,,1,https://d3jk3dbuafh2pk.cloudfront.net/user-plant/O8esvjecpEBDCUcjCt5cDdzYW0hocViB_762E46D3-D1E7-4E40-819A-8669084E985F.jpg,2024-11-04 22:47
169588,2024-11-04 22:36,66081,,,,,true,false,false,,1,https://d3jk3dbuafh2pk.cloudfront.net/care-note/u8twdKvrdJml3EzRgGguXjHengdMySg2_0457D890-7E69-44E8-A917-63191D48971E.png,2024-11-04 22:36
169325,2024-11-04 14:01,66050,,새 식물을 추가했어요! 🪴 아글라오네마 스노우사파이어,,,true,false,false,,1,https://d3jk3dbuafh2pk.cloudfront.net/user-plant/lNIjZm4scZWBrLK9n1NQK7WKfzVDopfF_01AEE6EF-CEBC-407A-B8BB-CFDE2CA3C521.jpg,2024-11-04 14:01
169095,2024-11-03 00:00,66022,싱고니움 밀크컨페티,진딧물이 많음 물리방제하고 지켜볼 예정,,,true,false,false,,1,https://d3jk3dbuafh2pk.cloudfront.net/care-note/i7MmtAME8WLPiSmABsee15F0xI9Q9kiw_67E09E2A-80E3-421C-95FD-E805F8319465.png,2024-11-04 06:00
166889,2024-10-29 21:40,56573,,,,new leaf,true,false,false,,1,https://d3jk3dbuafh2pk.cloudfront.net/care-note/jqlp8SpGFx4jhdvxXsiJIg5RpPTpYeLi_023F6AE5-E47E-4C83-83DF-AAA972414067.jpg,2024-10-29 21:41
166502,2024-10-28 22:28,65280,로즈마리,새 식물을 추가했어요! 🪴 로즈마리,,,true,false,false,,1,https://d3jk3dbuafh2pk.cloudfront.net/user-plant/HziFg33viTJCTSAAg9aJhOMmJQM7XN23_314B06AD-6CB6-487B-8383-D387C8E5D151.jpg,2024-10-28 22:28
166077,2024-09-29 19:42,61294,,,,,true,false,false,,1,https://d3jk3dbuafh2pk.cloudfront.net/photo/user-photo_8230_07D93441-06E7-42CC-B972-71DD58E3F557%252FL0%252F001_1727606541207_1727672942565_HIGH_vdQWlK_ios_IMG_2699.HEIC,2024-10-27 22:47
166075,2024-09-29 19:43,61294,,,,,true,false,false,,1,https://d3jk3dbuafh2pk.cloudfront.net/photo/user-photo_8230_76DCFBD3-9AEB-4BAE-ABAC-DB6E4BB83EA4%252FL0%252F001_1727606614288_1727672942563_HIGH_uULuDB_ios_IMG_2701.HEIC,2024-10-27 22:47
166074,2024-09-30 07:31,61294,,,,,true,false,false,,1,https://d3jk3dbuafh2pk.cloudfront.net/photo/user-photo_8230_28BCF6C9-0343-4795-A207-27E18D2C2952%252FL0%252F001_1727649100394_1727832523070_HIGH_1Ma2uM_ios_IMG_2706.HEIC,2024-10-27 22:47
166073,2024-09-30 07:33,61294,,,,,true,false,false,,1,https://d3jk3dbuafh2pk.cloudfront.net/photo/user-photo_8230_A51A8802-9E4B-40A6-8506-CF67B61B7847%252FL0%252F001_1727649182485_1727692435746_HIGH_ihw0oS_ios_IMG_2707.HEIC,2024-10-27 22:46
166071,2024-10-19 09:43,61294,,,,,true,false,false,,1,https://d3jk3dbuafh2pk.cloudfront.net/photo/user-photo_8230_8135E999-33B6-4FA8-9EE2-5008E3B05318%252FL0%252F001_1729298601972_1729304491194_HIGH_rAlF9s_ios_IMG_2894.HEIC,2024-10-27 22:46
166070,2024-10-19 09:43,61294,,,,,true,false,false,,1,https://d3jk3dbuafh2pk.cloudfront.net/photo/user-photo_8230_326875A4-8E62-40FF-9CC6-B5E0CB476C6F%252FL0%252F001_1729298635777_1729304491197_HIGH_53bXOF_ios_IMG_2895.HEIC,2024-10-27 22:46
166069,2024-10-19 09:44,61294,,,,,true,false,false,,1,https://d3jk3dbuafh2pk.cloudfront.net/photo/user-photo_8230_54A074B6-9EE9-4119-98CB-C3F3C7194D15%252FL0%252F001_1729298661813_1729304491194_HIGH_nBrnxh_ios_IMG_2897.HEIC,2024-10-27 22:46
166048,2024-09-30 07:33,61294,,,,,true,false,false,,0,,2024-10-27 22:31
166049,2024-09-30 07:31,61294,,,,,true,false,false,,0,,2024-10-27 22:31
166050,2024-09-30 07:33,61294,,,,,true,false,false,,0,,2024-10-27 22:31
166051,2024-09-29 19:42,61294,,,,,true,false,false,,0,,2024-10-27 22:31
166052,2024-09-29 19:43,61294,,,,,true,false,false,,0,,2024-10-27 22:31
166053,2024-09-29 19:42,61294,,,,,true,false,false,,0,,2024-10-27 22:31
166054,2024-10-05 10:08,61294,,,,,true,false,false,,0,,2024-10-27 22:31
166047,2024-10-12 20:10,57852,스테파니아 에렉타,,,,true,false,false,,0,,2024-10-27 22:30
166046,2024-10-13 08:33,64825,스킨답서스,,,,true,false,false,,0,,2024-10-27 22:30
166044,2024-10-13 09:24,57851,장미허브,,,,true,false,false,,0,,2024-10-27 22:30
166045,2024-10-13 09:44,57851,장미허브,,,,true,false,false,,0,,2024-10-27 22:30
166040,2024-10-19 09:26,57850,쉐프렐라 선버스터,,,,true,false,false,,0,,2024-10-27 22:30
166041,2024-10-19 09:26,57850,쉐프렐라 선버스터,,,,true,false,false,,0,,2024-10-27 22:30
166042,2024-10-19 09:25,57850,쉐프렐라 선버스터,,,,true,false,false,,0,,2024-10-27 22:30
166043,2024-10-19 09:26,57850,쉐프렐라 선버스터,,,,true,false,false,,0,,2024-10-27 22:30
166032,2024-10-19 09:24,63637,마오리 소포라,,,,true,false,false,,0,,2024-10-27 22:30
166033,2024-10-19 09:29,63637,마오리 소포라,,,,true,false,false,,0,,2024-10-27 22:30
166034,2024-10-19 09:29,63637,마오리 소포라,,,,true,false,false,,0,,2024-10-27 22:30
166035,2024-10-19 09:24,63637,마오리 소포라,,,,true,false,false,,0,,2024-10-27 22:30
166036,2024-10-19 09:24,63637,마오리 소포라,,,,true,false,false,,0,,2024-10-27 22:30
166037,2024-10-19 09:24,63637,마오리 소포라,,,,true,false,false,,0,,2024-10-27 22:30
166038,2024-10-19 09:23,63637,마오리 소포라,,,,true,false,false,,0,,2024-10-27 22:30
166039,2024-10-19 09:23,63637,마오리 소포라,,,,true,false,false,,0,,2024-10-27 22:30
166028,2024-10-19 09:34,48247,벤자민 고무나무,,,,true,false,false,,0,,2024-10-27 22:29
166029,2024-10-19 09:34,48247,벤자민 고무나무,,,,true,false,false,,0,,2024-10-27 22:29
166030,2024-10-19 09:33,48247,벤자민 고무나무,,,,true,false,false,,0,,2024-10-27 22:29
166031,2024-10-19 09:33,48247,벤자민 고무나무,,,,true,false,false,,0,,2024-10-27 22:29
166022,2024-10-19 09:27,48237,올리브나무,,,,true,false,false,,0,,2024-10-27 22:29
166023,2024-10-19 09:27,48237,올리브나무,,,,true,false,false,,0,,2024-10-27 22:29
166024,2024-10-19 09:28,48237,올리브나무,,,,true,false,false,,0,,2024-10-27 22:29
166025,2024-10-19 09:27,48237,올리브나무,,,,true,false,false,,0,,2024-10-27 22:29
166026,2024-10-19 09:27,48237,올리브나무,,,,true,false,false,,0,,2024-10-27 22:29
166020,2024-10-19 09:36,59730,골든잉곳아이비,,,,true,false,false,,0,,2024-10-27 22:28
166021,2024-10-19 09:36,59730,골든잉곳아이비,,,,true,false,false,,0,,2024-10-27 22:28
166018,2024-10-19 10:01,56573,,,,,true,false,false,,0,,2024-10-27 22:28
166019,2024-10-19 10:00,56573,,,,,true,false,false,,0,,2024-10-27 22:28
166014,2024-10-19 09:31,64825,스킨답서스,,,,true,false,false,,0,,2024-10-27 22:28
166015,2024-10-19 09:30,64825,스킨답서스,,,,true,false,false,,0,,2024-10-27 22:28
166016,2024-10-19 09:31,64825,스킨답서스,,,,true,false,false,,0,,2024-10-27 22:28
166013,2024-10-25 19:52,56573,,,,,true,false,false,,0,,2024-10-27 22:27
166002,2024-10-19 09:39,63637,마오리 소포라,,,,true,false,false,,0,,2024-10-27 22:25
166004,2024-10-19 09:39,63637,마오리 소포라,,,,true,false,false,,0,,2024-10-27 22:25
166005,2024-10-19 09:38,63637,마오리 소포라,,,,true,false,false,,0,,2024-10-27 22:25
166006,2024-10-19 09:39,63637,마오리 소포라,,,,true,false,false,,0,,2024-10-27 22:25
166007,2024-10-19 09:39,63637,마오리 소포라,,,,true,false,false,,0,,2024-10-27 22:25
166008,2024-10-19 09:38,63637,마오리 소포라,,,,true,false,false,,0,,2024-10-27 22:25
166003,2024-10-19 09:40,63637,마오리 소포라,,,,true,false,false,,0,,2024-10-27 22:25
166000,2024-10-19 09:46,57852,스테파니아 에렉타,,,,true,false,false,,0,,2024-10-27 22:25
166001,2024-10-19 09:46,57852,스테파니아 에렉타,,,,true,false,false,,0,,2024-10-27 22:25
165998,2024-10-19 09:59,63635,,,,,true,false,false,,0,,2024-10-27 22:25
165999,2024-10-19 09:59,63635,,,,,true,false,false,,0,,2024-10-27 22:25
165996,2024-10-19 09:46,57852,스테파니아 에렉타,,,,true,false,false,,0,,2024-10-27 22:24
165997,2024-10-19 09:46,57852,스테파니아 에렉타,,,,true,false,false,,0,,2024-10-27 22:24
165992,2024-10-19 09:44,61294,,,,,true,false,false,,0,,2024-10-27 22:24
165993,2024-10-19 09:44,61294,,,,,true,false,false,,0,,2024-10-27 22:24
165994,2024-10-19 09:43,61294,,,,,true,false,false,,0,,2024-10-27 22:24
165995,2024-10-19 09:43,61294,,,,,true,false,false,,0,,2024-10-27 22:24
165990,2024-10-19 09:59,61246,스킨답서스 픽투스 엑조티카,,,,true,false,false,,0,,2024-10-27 22:24
165991,2024-10-19 09:59,61246,스킨답서스 픽투스 엑조티카,,,,true,false,false,,0,,2024-10-27 22:24
165987,2024-10-19 10:00,57853,드라세나 수르쿨로사 밀키웨이,,,,true,false,false,,0,,2024-10-27 22:24
165988,2024-10-19 10:00,57853,드라세나 수르쿨로사 밀키웨이,,,,true,false,false,,0,,2024-10-27 22:24
165989,2024-10-19 10:00,57853,드라세나 수르쿨로사 밀키웨이,,,,true,false,false,,0,,2024-10-27 22:24
165983,2024-10-19 10:02,56574,브레이니아 니보사,,,,true,false,false,,0,,2024-10-27 22:23
165984,2024-10-19 10:02,56574,브레이니아 니보사,,,,true,false,false,,0,,2024-10-27 22:23
165985,2024-10-19 10:01,56574,브레이니아 니보사,,,,true,false,false,,0,,2024-10-27 22:23
165986,2024-10-19 10:01,56574,브레이니아 니보사,,,,true,false,false,,0,,2024-10-27 22:23
165979,2024-10-22 17:11,61268,제주애기모람,,,,true,false,false,,0,,2024-10-27 22:23
165980,2024-10-19 10:05,61268,제주애기모람,,,,true,false,false,,0,,2024-10-27 22:23
165981,2024-10-19 10:05,61268,제주애기모람,,,,true,false,false,,0,,2024-10-27 22:23
165982,2024-10-19 10:05,61268,제주애기모람,,,,true,false,false,,0,,2024-10-27 22:23
165977,2024-07-28 19:32,48232,필로덴드론 옥시카르디움 브라질,,,,true,false,false,,1,https://d3jk3dbuafh2pk.cloudfront.net/photo/user-photo_8230_1B1D450C-93B6-4D1E-A005-E4F86917E6AA%252FL0%252F001_1722162725808_1724732919431_LOW_o4xIG8_ios_IMG_2035.HEIC,2024-10-27 22:23
165978,2024-07-28 19:31,48232,필로덴드론 옥시카르디움 브라질,,,,true,false,false,,1,https://d3jk3dbuafh2pk.cloudfront.net/photo/user-photo_8230_E878702F-915B-479F-A89A-73C2AC24E26E%252FL0%252F001_1722162713863_1724732919427_LOW_eJRKEE_ios_IMG_2034.HEIC,2024-10-27 22:23
165975,2024-08-03 16:51,48238,테이블야자,,,,true,false,false,,0,,2024-10-27 22:22
165976,2024-07-28 19:32,48238,테이블야자,,,,true,false,false,,1,https://d3jk3dbuafh2pk.cloudfront.net/photo/user-photo_8230_015F440F-29FA-469A-AA9C-9DA416EF5DC3%252FL0%252F001_1722162733905_1722179801225_LOW_tdp3jt_ios_IMG_2036.HEIC,2024-10-27 22:22
165974,2024-10-20 22:00,48239,산세베리아,,,,true,false,false,,1,https://d3jk3dbuafh2pk.cloudfront.net/care-note/VvzOaOcTWZKp306Uyw4ghcrPB97hySgX_243ED6E5-A3CD-4EAE-81CE-C55623EC2098.png,2024-10-27 22:21
165973,2024-10-26 20:31,63639,,,,,true,false,false,,1,https://d3jk3dbuafh2pk.cloudfront.net/care-note/ipLcSe42k3x1FI8bbgpOFXkb4wvWPIK6_5F44A551-E9EE-4C4E-BF05-A079F3690578.jpg,2024-10-27 22:21
165971,2024-10-26 09:32,64825,스킨답서스,,,,true,false,false,,1,https://d3jk3dbuafh2pk.cloudfront.net/care-note/yVN5xZoBolZgYSaeB53IMbJBnzljryPm_E3F44C76-D6CB-4821-A7FE-6BB8757E6E85.png,2024-10-27 22:21
165972,2024-10-26 09:32,64825,스킨답서스,,,,true,false,false,,1,https://d3jk3dbuafh2pk.cloudfront.net/care-note/hBHFvy09rAnRvzDhZihkbFIN5TLcEywj_90EEC917-D43D-4A8F-826A-214C9C586C34.png,2024-10-27 22:21
165966,2024-09-07 22:00,,,,,,true,false,false,,0,,2024-10-27 21:59
165965,2024-09-07 22:01,,,,,,true,false,false,,0,,2024-10-27 21:59
165964,2024-09-07 22:01,,,,,,true,false,false,,0,,2024-10-27 21:59
165963,2024-09-07 22:03,,,,,,true,false,false,,0,,2024-10-27 21:59
165962,2024-09-08 07:34,,,,,,true,false,false,,0,,2024-10-27 21:59
165961,2024-09-08 07:36,,,,,,true,false,false,,0,,2024-10-27 21:59
165960,2024-09-08 07:38,,,,,,true,false,false,,0,,2024-10-27 21:58
165959,2024-09-08 07:38,,,,,,true,false,false,,0,,2024-10-27 21:58
165958,2024-09-08 07:40,,,,,,true,false,false,,0,,2024-10-27 21:58
165957,2024-09-08 07:49,,,,,,true,false,false,,0,,2024-10-27 21:58
165956,2024-09-08 07:50,,,,,,true,false,false,,0,,2024-10-27 21:58
165955,2024-09-08 07:29,,,,,,true,false,false,,0,,2024-10-27 21:58
165954,2024-09-08 07:33,,,,,,true,false,false,,0,,2024-10-27 21:58
165953,2024-09-08 07:34,,,,,,true,false,false,,0,,2024-10-27 21:58
165952,2024-09-08 07:37,,,,,,true,false,false,,0,,2024-10-27 21:58
165951,2024-09-08 07:38,,,,,,true,false,false,,0,,2024-10-27 21:58
165950,2024-09-08 07:39,,,,,,true,false,false,,0,,2024-10-27 21:58
165949,2024-09-08 07:41,,,,,,true,false,false,,0,,2024-10-27 21:58
165948,2024-09-08 07:42,,,,,,true,false,false,,0,,2024-10-27 21:58
165947,2024-09-08 07:49,,,,,,true,false,false,,0,,2024-10-27 21:58
165946,2024-09-08 07:50,,,,,,true,false,false,,0,,2024-10-27 21:58
165945,2024-09-08 07:51,,,,,,true,false,false,,0,,2024-10-27 21:58
165944,2024-09-08 07:31,,,,,,true,false,false,,0,,2024-10-27 21:58
165943,2024-09-08 07:55,,,,,,true,false,false,,0,,2024-10-27 21:58
165942,2024-09-08 07:29,,,,,,true,false,false,,0,,2024-10-27 21:58
165941,2024-09-08 07:31,,,,,,true,false,false,,0,,2024-10-27 21:58
165940,2024-09-08 07:38,,,,,,true,false,false,,0,,2024-10-27 21:58
165939,2024-09-08 07:38,,,,,,true,false,false,,0,,2024-10-27 21:58
165938,2024-09-09 10:12,,,,,,true,false,false,,0,,2024-10-27 21:58
165937,2024-09-09 22:08,,,,,,true,false,false,,0,,2024-10-27 21:58
165936,2024-09-09 21:47,,,,,,true,false,false,,0,,2024-10-27 21:58
165935,2024-09-09 22:56,,,,,,true,false,false,,0,,2024-10-27 21:58
165934,2024-09-11 09:04,,,,,,true,false,false,,0,,2024-10-27 21:58
165933,2024-09-11 07:34,,,,,,true,false,false,,0,,2024-10-27 21:58
165932,2024-09-12 22:19,,,,,,true,false,false,,0,,2024-10-27 21:58
165931,2024-09-15 17:46,,,,,,true,false,false,,0,,2024-10-27 21:58
165930,2024-09-15 14:27,,,,,,true,false,false,,0,,2024-10-27 21:58
165929,2024-09-15 14:34,,,,,,true,false,false,,0,,2024-10-27 21:57
165928,2024-09-21 23:51,,,,,,true,false,false,,0,,2024-10-27 21:57
165927,2024-10-03 08:59,,,,,,true,false,false,,0,,2024-10-27 21:57
165926,2024-09-22 08:12,,,,,,true,false,false,,0,,2024-10-27 21:57
165925,2024-09-22 08:13,,,,,,true,false,false,,0,,2024-10-27 21:57
165924,2024-09-22 08:25,,,,,,true,false,false,,0,,2024-10-27 21:57
165923,2024-09-22 13:45,,,,,,true,false,false,,0,,2024-10-27 21:57
165922,2024-09-22 00:53,,,,,,true,false,false,,0,,2024-10-27 21:57
165921,2024-09-22 08:12,,,,,,true,false,false,,0,,2024-10-27 21:57
165920,2024-09-22 08:25,,,,,,true,false,false,,0,,2024-10-27 21:57
165919,2024-09-22 08:30,,,,,,true,false,false,,0,,2024-10-27 21:57
165918,2024-09-22 08:31,,,,,,true,false,false,,0,,2024-10-27 21:57
165917,2024-09-22 21:01,,,,,,true,false,false,,0,,2024-10-27 21:57
165916,2024-09-23 07:25,,,,,,true,false,false,,0,,2024-10-27 21:57
165915,2024-09-23 07:25,,,,,,true,false,false,,0,,2024-10-27 21:57
165914,2024-09-23 07:25,,,,,,true,false,false,,0,,2024-10-27 21:57
165913,2024-09-27 15:38,,,,,,true,false,false,,0,,2024-10-27 21:57
165912,2024-09-27 19:40,,,,,,true,false,false,,0,,2024-10-27 21:57
165911,2024-09-28 08:46,,,,,,true,false,false,,0,,2024-10-27 21:57
165910,2024-10-05 10:08,,,,,,true,false,false,,0,,2024-10-27 21:57
165909,2024-10-12 20:10,,,,,,true,false,false,,0,,2024-10-27 21:57
165908,2024-10-13 09:44,,,,,,true,false,false,,0,,2024-10-27 21:57
165907,2024-10-13 08:33,,,,,,true,false,false,,0,,2024-10-27 21:57
165906,2024-10-13 09:24,,,,,,true,false,false,,0,,2024-10-27 21:57
165905,2024-10-17 22:23,,,,,,true,false,false,,0,,2024-10-27 21:57
165904,2024-10-15 20:22,,,,,,true,false,false,,0,,2024-10-27 21:57
165903,2024-10-15 20:25,,,,,,true,false,false,,0,,2024-10-27 21:57
165902,2024-09-29 08:36,,,,,,true,false,false,,0,,2024-10-27 21:57
165901,2024-09-29 17:35,,,,,,true,false,false,,0,,2024-10-27 21:57
165900,2024-09-29 17:44,,,,,,true,false,false,,0,,2024-10-27 21:57
165899,2024-09-29 09:16,,,,,,true,false,false,,0,,2024-10-27 21:56
165898,2024-09-29 17:35,,,,,,true,false,false,,0,,2024-10-27 21:56
165897,2024-09-29 19:42,,,,,,true,false,false,,0,,2024-10-27 21:56
165896,2024-09-29 17:45,,,,,,true,false,false,,0,,2024-10-27 21:56
165895,2024-09-29 09:59,,,,,,true,false,false,,0,,2024-10-27 21:56
165894,2024-09-29 19:43,,,,,,true,false,false,,0,,2024-10-27 21:56
165893,2024-09-29 19:42,,,,,,true,false,false,,0,,2024-10-27 21:56
165892,2024-09-30 07:33,,,,,,true,false,false,,0,,2024-10-27 21:56
165890,2024-09-30 07:31,,,,,,true,false,false,,0,,2024-10-27 21:56
165889,2024-09-30 07:33,,,,,,true,false,false,,0,,2024-10-27 21:56
165888,2024-10-09 00:33,,,,,,true,false,false,,0,,2024-10-27 21:56
165887,2024-10-09 00:33,,,,,,true,false,false,,0,,2024-10-27 21:56
165886,2024-10-11 21:34,,,,,,true,false,false,,0,,2024-10-27 21:56
165885,2024-10-24 07:53,,,,,,true,false,false,,0,,2024-10-27 21:56
165884,2024-10-25 19:52,,,,,,true,false,false,,0,,2024-10-27 21:56
165883,2024-10-19 09:18,,,,,,true,false,false,,0,,2024-10-27 21:56
165882,2024-10-19 09:19,,,,,,true,false,false,,0,,2024-10-27 21:56
165881,2024-10-19 09:20,,,,,,true,false,false,,0,,2024-10-27 21:56
165880,2024-10-19 09:20,,,,,,true,false,false,,0,,2024-10-27 21:56
165879,2024-10-19 09:18,,,,,,true,false,false,,0,,2024-10-27 21:56
165878,2024-10-19 09:15,,,,,,true,false,false,,0,,2024-10-27 21:56
165876,2024-10-19 09:19,,,,,,true,false,false,,0,,2024-10-27 21:56
165875,2024-10-19 09:26,,,,,,true,false,false,,0,,2024-10-27 21:56
165874,2024-10-19 09:27,,,,,,true,false,false,,0,,2024-10-27 21:56
165873,2024-10-19 09:23,,,,,,true,false,false,,0,,2024-10-27 21:56
165872,2024-10-19 09:23,,,,,,true,false,false,,0,,2024-10-27 21:56
165871,2024-10-19 09:24,,,,,,true,false,false,,0,,2024-10-27 21:56
165870,2024-10-19 09:24,,,,,,true,false,false,,0,,2024-10-27 21:56
165869,2024-10-19 09:24,,,,,,true,false,false,,0,,2024-10-27 21:56
165868,2024-10-19 09:25,,,,,,true,false,false,,0,,2024-10-27 21:56
165867,2024-10-19 09:26,,,,,,true,false,false,,0,,2024-10-27 21:56
165866,2024-10-19 09:26,,,,,,true,false,false,,0,,2024-10-27 21:56
165865,2024-10-19 09:27,,,,,,true,false,false,,0,,2024-10-27 21:55
165850,2024-10-19 09:28,,,,,,true,false,false,,0,,2024-10-27 21:42
165849,2024-10-19 09:29,,,,,,true,false,false,,0,,2024-10-27 21:42
165848,2024-10-19 09:31,,,,,,true,false,false,,0,,2024-10-27 21:41
165847,2024-10-19 09:28,,,,,,true,false,false,,0,,2024-10-27 21:41
165846,2024-10-19 09:29,,,,,,true,false,false,,0,,2024-10-27 21:41
165845,2024-10-19 09:36,,,,,,true,false,false,,0,,2024-10-27 21:41
165844,2024-10-19 09:33,,,,,,true,false,false,,0,,2024-10-27 21:41
165843,2024-10-19 09:35,,,,,,true,false,false,,0,,2024-10-27 21:41
165842,2024-10-19 09:36,,,,,,true,false,false,,0,,2024-10-27 21:41
165841,2024-10-19 09:38,,,,,,true,false,false,,0,,2024-10-27 21:41
165840,2024-10-19 09:39,,,,,,true,false,false,,0,,2024-10-27 21:41
165839,2024-10-19 09:39,,,,,,true,false,false,,0,,2024-10-27 21:41
165838,2024-10-19 09:42,,,,,,true,false,false,,0,,2024-10-27 21:41
165837,2024-10-19 09:18,,,,,,true,false,false,,0,,2024-10-27 21:41
165831,2024-10-19 09:18,,,,,,true,false,false,,0,,2024-10-27 21:35
165830,2024-10-19 09:19,,,,,,true,false,false,,0,,2024-10-27 21:35
165829,2024-10-19 09:24,,,,,,true,false,false,,0,,2024-10-27 21:35
165828,2024-10-19 09:21,,,,,,true,false,false,,0,,2024-10-27 21:35
165827,2024-10-19 09:22,,,,,,true,false,false,,0,,2024-10-27 21:35
165826,2024-10-19 09:23,,,,,,true,false,false,,0,,2024-10-27 21:35
165825,2024-10-19 09:27,,,,,,true,false,false,,0,,2024-10-27 21:35
165824,2024-10-19 09:30,,,,,,true,false,false,,0,,2024-10-27 21:35
165822,2024-10-19 09:27,,,,,,true,false,false,,0,,2024-10-27 21:35
165821,2024-10-19 09:28,,,,,,true,false,false,,0,,2024-10-27 21:35
165820,2024-10-19 09:31,,,,,,true,false,false,,0,,2024-10-27 21:35
165819,2024-10-19 09:59,,,,,,true,false,false,,0,,2024-10-27 21:35
165818,2024-10-19 09:43,,,,,,true,false,false,,0,,2024-10-27 21:35
165817,2024-10-19 09:45,,,,,,true,false,false,,0,,2024-10-27 21:35
165816,2024-10-19 09:20,,,,,,true,false,false,,0,,2024-10-27 21:35
165815,2024-10-19 09:33,,,,,,true,false,false,,0,,2024-10-27 21:35
165814,2024-10-19 09:34,,,,,,true,false,false,,0,,2024-10-27 21:35
165813,2024-10-19 09:34,,,,,,true,false,false,,0,,2024-10-27 21:35
165812,2024-10-19 09:37,,,,,,true,false,false,,0,,2024-10-27 21:35
165810,2024-10-19 09:36,,,,,,true,false,false,,0,,2024-10-27 21:32
165809,2024-10-19 09:38,,,,,,true,false,false,,0,,2024-10-27 21:32
165808,2024-10-19 09:38,,,,,,true,false,false,,0,,2024-10-27 21:32
165807,2024-10-19 09:38,,,,,,true,false,false,,0,,2024-10-27 21:32
165806,2024-10-19 09:39,,,,,,true,false,false,,0,,2024-10-27 21:32
165805,2024-10-19 09:40,,,,,,true,false,false,,0,,2024-10-27 21:32
165804,2024-10-19 09:39,,,,,,true,false,false,,0,,2024-10-27 21:32
165803,2024-10-19 09:41,,,,,,true,false,false,,0,,2024-10-27 21:32
165802,2024-10-19 09:41,,,,,,true,false,false,,0,,2024-10-27 21:32
165801,2024-10-19 09:43,,,,,,true,false,false,,0,,2024-10-27 21:32
165800,2024-10-19 09:44,,,,,,true,false,false,,0,,2024-10-27 21:32
165799,2024-10-19 09:44,,,,,,true,false,false,,0,,2024-10-27 21:32
165798,2024-10-19 09:45,,,,,,true,false,false,,0,,2024-10-27 21:32
165797,2024-10-19 09:46,,,,,,true,false,false,,0,,2024-10-27 21:32
165796,2024-10-19 09:46,,,,,,true,false,false,,0,,2024-10-27 21:32
165795,2024-10-19 09:46,,,,,,true,false,false,,0,,2024-10-27 21:32
165794,2024-10-19 09:46,,,,,,true,false,false,,0,,2024-10-27 21:23
165793,2024-10-19 09:47,,,,,,true,false,false,,0,,2024-10-27 21:23
165792,2024-10-19 09:47,,,,,,true,false,false,,0,,2024-10-27 21:23
165791,2024-10-19 09:56,,,,,,true,false,false,,0,,2024-10-27 21:23
165790,2024-10-19 09:57,,,,,,true,false,false,,0,,2024-10-27 21:23
165789,2024-10-19 09:58,,,,,,true,false,false,,0,,2024-10-27 21:23
165788,2024-10-19 09:58,,,,,,true,false,false,,0,,2024-10-27 21:23
165787,2024-10-19 09:58,,,,,,true,false,false,,0,,2024-10-27 21:23
165786,2024-10-19 09:59,,,,,,true,false,false,,0,,2024-10-27 21:23
165785,2024-10-19 09:59,,,,,,true,false,false,,0,,2024-10-27 21:23
165784,2024-10-19 10:00,,,,,,true,false,false,,0,,2024-10-27 21:23
165781,2024-10-19 10:00,,,,,,true,false,false,,0,,2024-10-27 21:16
165780,2024-10-19 10:04,,,,,,true,false,false,,0,,2024-10-27 21:16
165779,2024-10-19 09:59,,,,,,true,false,false,,0,,2024-10-27 21:15
165778,2024-10-19 10:00,,,,,,true,false,false,,0,,2024-10-27 21:15
165777,2024-10-19 10:01,,,,,,true,false,false,,0,,2024-10-27 21:15
165776,2024-10-19 10:03,,,,,,true,false,false,,0,,2024-10-27 21:15
165775,2024-10-19 10:04,,,,,,true,false,false,,0,,2024-10-27 21:15
165774,2024-10-19 10:05,,,,,,true,false,false,,0,,2024-10-27 21:15
165773,2024-10-19 10:05,,,,,,true,false,false,,0,,2024-10-27 21:15
165772,2024-10-19 10:03,,,,,,true,false,false,,0,,2024-10-27 21:15
165771,2024-10-19 10:00,,,,,,true,false,false,,0,,2024-10-27 21:15
165770,2024-10-19 10:01,,,,,,true,false,false,,0,,2024-10-27 21:15
165769,2024-10-19 10:01,,,,,,true,false,false,,0,,2024-10-27 21:15
165768,2024-10-19 10:02,,,,,,true,false,false,,0,,2024-10-27 21:15
165767,2024-10-19 10:02,,,,,,true,false,false,,0,,2024-10-27 21:15
165766,2024-10-19 10:03,,,,,,true,false,false,,0,,2024-10-27 21:15
165765,2024-10-19 10:05,,,,,,true,false,false,,0,,2024-10-27 21:15
165764,2024-10-19 18:31,,,,,,true,false,false,,0,,2024-10-27 21:15
165763,2024-10-22 22:19,,,,,,true,false,false,,0,,2024-10-27 21:15
165762,2024-10-22 17:11,,,,,,true,false,false,,0,,2024-10-27 21:15
165761,2024-10-23 22:09,,,,,,true,false,false,,0,,2024-10-27 21:15
165760,2024-10-23 22:09,,,,,,true,false,false,,0,,2024-10-27 21:15
165759,2024-10-23 22:09,,,,,,true,false,false,,0,,2024-10-27 21:15
165758,2024-10-26 08:57,,,,,,true,false,false,,0,,2024-10-27 21:15
165757,2024-10-26 09:15,,,,,,true,false,false,,0,,2024-10-27 21:15
165756,2024-10-27 12:08,,,,,,true,false,false,,0,,2024-10-27 21:15
165755,2024-10-27 14:13,,,,,,true,false,false,,0,,2024-10-27 21:15
165754,2024-10-27 12:10,,,,,,true,false,false,,0,,2024-10-27 21:15
165753,2024-10-27 12:11,,,,,,true,false,false,,0,,2024-10-27 21:15
165752,2024-10-27 14:09,,,,,,true,false,false,,0,,2024-10-27 21:14
165751,2024-10-27 14:09,,,,,,true,false,false,,0,,2024-10-27 21:14
165750,2024-08-07 23:39,,,,,,true,false,false,,0,,2024-10-27 21:14
165749,2024-08-05 22:37,,,,,,true,false,false,,0,,2024-10-27 21:14
165748,2024-07-28 19:31,,,,,,true,false,false,,0,,2024-10-27 21:14
165747,2024-07-28 19:32,,,,,,true,false,false,,0,,2024-10-27 21:14
165746,2024-07-28 19:32,,,,,,true,false,false,,0,,2024-10-27 21:14
165745,2024-07-28 18:42,,,,,,true,false,false,,0,,2024-10-27 21:14
165744,2024-08-08 15:16,,,,,,true,false,false,,0,,2024-10-27 21:14
165742,2024-08-16 20:26,,,,,,true,false,false,,0,,2024-10-27 21:14
165741,2024-08-17 13:08,,,,,,true,false,false,,0,,2024-10-27 21:14
165740,2024-08-17 13:20,,,,,,true,false,false,,0,,2024-10-27 21:14
165739,2024-08-17 13:09,,,,,,true,false,false,,0,,2024-10-27 21:14
165738,2024-08-17 13:08,,,,,,true,false,false,,0,,2024-10-27 21:14
165737,2024-08-17 13:09,,,,,,true,false,false,,0,,2024-10-27 21:14
165736,2024-08-24 00:07,,,,,,true,false,false,,0,,2024-10-27 21:14
165735,2024-08-24 00:06,,,,,,true,false,false,,0,,2024-10-27 21:14
165734,2024-08-29 06:30,,,,,,true,false,false,,0,,2024-10-27 21:14
165733,2024-08-29 06:29,,,,,,true,false,false,,0,,2024-10-27 21:14
165732,2024-08-29 06:29,,,,,,true,false,false,,0,,2024-10-27 21:14
165731,2024-08-29 06:29,,,,,,true,false,false,,0,,2024-10-27 21:13
165730,2024-08-30 17:35,,,,,,true,false,false,,0,,2024-10-27 21:13
165729,2024-08-30 18:00,,,,,,true,false,false,,0,,2024-10-27 21:13
165728,2024-08-30 17:35,,,,,,true,false,false,,0,,2024-10-27 21:13
165727,2024-08-30 17:53,,,,,,true,false,false,,0,,2024-10-27 21:13
165726,2024-08-31 23:22,,,,,,true,false,false,,0,,2024-10-27 21:12
165725,2024-08-31 23:08,,,,,,true,false,false,,0,,2024-10-27 21:12
165724,2024-08-31 23:23,,,,,,true,false,false,,0,,2024-10-27 21:12
165723,2024-08-03 16:51,,,,,,true,false,false,,0,,2024-10-27 21:12
165722,2024-08-10 20:01,,,,,,true,false,false,,0,,2024-10-27 21:12
165721,2024-08-10 22:14,,,,,,true,false,false,,0,,2024-10-27 21:12
165720,2024-08-10 22:14,,,,,,true,false,false,,0,,2024-10-27 21:12
165719,2024-08-10 23:33,,,,,,true,false,false,,0,,2024-10-27 21:12
165718,2024-08-10 23:34,,,,,,true,false,false,,0,,2024-10-27 20:58
165717,2024-08-10 22:15,,,,,,true,false,false,,0,,2024-10-27 20:58
165716,2024-08-10 20:00,,,,,,true,false,false,,0,,2024-10-27 20:58
165715,2024-08-11 13:04,,,,,,true,false,false,,0,,2024-10-27 20:58
165714,2024-08-11 13:05,,,,,,true,false,false,,0,,2024-10-27 20:58
165713,2024-08-11 13:06,,,,,,true,false,false,,0,,2024-10-27 20:58
165712,2024-08-11 13:05,,,,,,true,false,false,,0,,2024-10-27 20:58
165711,2024-08-11 13:05,,,,,,true,false,false,,0,,2024-10-27 20:58
165710,2024-08-11 13:23,,,,,,true,false,false,,0,,2024-10-27 20:58
165709,2024-08-11 13:23,,,,,,true,false,false,,0,,2024-10-27 20:58
165708,2024-08-11 13:07,,,,,,true,false,false,,0,,2024-10-27 20:58
165707,2024-08-11 13:07,,,,,,true,false,false,,0,,2024-10-27 20:58
165706,2024-08-11 09:27,,,,,,true,false,false,,0,,2024-10-27 20:58
165705,2024-08-11 13:23,,,,,,true,false,false,,0,,2024-10-27 20:58
165704,2024-08-11 13:23,,,,,,true,false,false,,0,,2024-10-27 20:58
165703,2024-08-11 13:08,,,,,,true,false,false,,0,,2024-10-27 20:58
165702,2024-08-11 13:06,,,,,,true,false,false,,0,,2024-10-27 20:58
165701,2024-08-11 13:23,,,,,,true,false,false,,0,,2024-10-27 20:58
165700,2024-08-11 13:23,,,,,,true,false,false,,0,,2024-10-27 20:58
165699,2024-09-01 12:51,,,,,,true,false,false,,0,,2024-10-27 20:58
165698,2024-09-01 17:43,,,,,,true,false,false,,0,,2024-10-27 20:58
165697,2024-09-01 17:45,,,,,,true,false,false,,0,,2024-10-27 20:58
165696,2024-09-01 12:52,,,,,,true,false,false,,0,,2024-10-27 20:57
165695,2024-09-01 19:33,,,,,,true,false,false,,0,,2024-10-27 20:57
165694,2024-09-01 17:43,,,,,,true,false,false,,0,,2024-10-27 20:57
165693,2024-09-01 17:45,,,,,,true,false,false,,0,,2024-10-27 20:57
165692,2024-09-01 19:33,,,,,,true,false,false,,0,,2024-10-27 20:57
165691,2024-09-01 17:42,,,,,,true,false,false,,0,,2024-10-27 20:57
165690,2024-09-01 17:45,,,,,,true,false,false,,0,,2024-10-27 20:57
165689,2024-09-01 19:36,,,,,,true,false,false,,0,,2024-10-27 20:57
165688,2024-09-05 21:21,,,,,,true,false,false,,0,,2024-10-27 20:57
165687,2024-09-05 21:19,,,,,,true,false,false,,0,,2024-10-27 20:57
165087,2024-10-26 20:31,63639,,,,flowering,true,false,false,,0,,2024-10-26 20:32
165085,2024-10-19 00:00,48234,,분갈이 하고 리스 만들어줌,,,true,false,false,,1,https://d3jk3dbuafh2pk.cloudfront.net/care-note/0o0vgXvPpQcI7x13DqrsGVNm5klDHjZx_218AE5BC-8D0F-4B52-9E95-A18019669292.png,2024-10-26 20:27
164849,2024-10-26 09:32,64825,스킨답서스,,,,true,false,false,,0,,2024-10-26 09:33
162867,2024-10-20 22:00,48239,산세베리아,,,,true,false,false,,0,,2024-10-20 22:00
162866,2024-10-20 21:58,48232,필로덴드론 옥시카르디움 브라질,,,,true,false,false,,1,https://d3jk3dbuafh2pk.cloudfront.net/care-note/Sgk2faMZR9t1n1UunwEHRxGZ8ZgtLCcj_FC71EBB8-87E7-40E1-9704-A58584D91EAB.png,2024-10-20 21:59
162865,2024-10-20 21:57,48238,테이블야자,,,,true,false,false,,1,https://d3jk3dbuafh2pk.cloudfront.net/care-note/D5t2uCeFwAYf1rVt79ZWi0hV4tN4KPNW_8F9CA521-2538-4E51-A33F-057E8B42B2AC.png,2024-10-20 21:57
162470,2024-10-19 23:55,56573,,,,,true,false,false,,1,https://d3jk3dbuafh2pk.cloudfront.net/care-note/47DhFlthEUlKbsJXCrcUJyLVliyvZBi9_EE2E939C-C1D1-4F09-A416-704565DA001D.png,2024-10-19 23:55
162469,2024-10-19 23:54,56570,스킨답서스 픽투스 아르지리우스,,,,true,false,false,,1,https://d3jk3dbuafh2pk.cloudfront.net/care-note/e04DVPbDlluEu4H7Znfejp93CAJh9Zy5_57D66AE8-A5DA-40B4-8B2E-54F1150730D7.png,2024-10-19 23:55
162468,2024-10-19 23:54,56574,브레이니아 니보사,,,,true,false,false,,1,https://d3jk3dbuafh2pk.cloudfront.net/care-note/HlsHyxE9zjTWDT0MWOXFoOrEOVBSNwN0_DF2E7C97-D89A-4B4A-9AAA-01E01FC0A72D.png,2024-10-19 23:54
162466,2024-10-19 23:53,63637,마오리 소포라,,,,true,false,false,,1,https://d3jk3dbuafh2pk.cloudfront.net/care-note/0dnhxHLMuopO4uSMpEoV1XtBjv38mSGd_2B519619-498C-427F-ABB7-C38EC030FCD3.png,2024-10-19 23:53
162465,2024-10-19 23:52,63635,,,,,true,false,false,,1,https://d3jk3dbuafh2pk.cloudfront.net/care-note/I4ADAixPIbz1tcan1OmnSu7ddyNSNzgJ_95962C94-6ED8-485D-A9B7-19C855EC48D8.png,2024-10-19 23:52
162462,2024-10-19 23:51,63639,,,,,true,false,false,,1,https://d3jk3dbuafh2pk.cloudfront.net/care-note/nRhah7iKbOv2eQ9nhEpjEs7584isAdpi_98600E83-FAE5-434A-925A-BFC4B7416D62.png,2024-10-19 23:51
153615,2024-10-16 14:36,,,"📸우리집 식물 상태 사진 찍어두기
오늘 우리집 식물을 모두 등록하고, 사진을 찍어두세요! 그루우 App, PC 홈페이지에서 시간 순으로 식물이 성장하는 과정을 쉽게 찾아볼 수 있어요 :)",,,true,false,true,2024-10-29 21:41,1,https://d3jk3dbuafh2pk.cloudfront.net/assets/carenote-onboarding1.png,2024-10-16 14:36
153616,2024-10-16 14:36,,,"🧑🏻‍💻기록을 PC로 확인/수정하기
그루우 ‘내 식물관리’ 홈페이지, https://myplant.groo.pro 로 접속하시면 식물을 쉽게 추가하고 정보를 수정할 수 있어요!",,,true,false,true,2024-10-29 21:41,1,https://d3jk3dbuafh2pk.cloudfront.net/assets/carenote-onboarding2.png,2024-10-16 14:36
153617,2024-10-16 14:36,,,"🖼️ 식물 사진 정리&용량 비우기
그루우에 <식물 사진 정리하기>로 사진을 올리면 내 식물 사진이 모두 그루우 드라이브에 올라가요! 그리고 시간 순서대로 자동으로 정리가 된답니다 :)
그루우 식물사진 정리기로 핸드폰 용량도 비우고, 사진도 한번에 정리해 보세요!",,,true,false,true,2024-10-29 21:41,1,https://d3jk3dbuafh2pk.cloudfront.net/assets/carenote-onboarding3.png,2024-10-16 14:36
153618,2024-10-16 14:36,,,"🔍 위시식물 성장 과정 구경하는 법
그루우 App, 홈페이지에서 케어가이드로 궁금한 식물을 찾아보세요! 다른 사람들이 키우고 있는 식물을 식물 성장 단계별로 찾아볼 수 있어요!
예를 들어 ‘바질’을 검색해보면, 바질의 파종-싹틔우기-생장 과정을 다른 가드너들이 올린 실시간 후기로 찾아볼 수 있어요 :)",,,true,false,true,2024-10-29 21:41,1,https://d3jk3dbuafh2pk.cloudfront.net/assets/carenote-onboarding4.png,2024-10-16 14:36
121872,2024-10-15 22:49,63639,,새 식물을 추가했어요! 🪴 오렌지자스민,,,false,false,false,,0,,2024-10-15 22:49
121870,2024-10-15 22:46,63637,마오리 소포라,새 식물을 추가했어요! 🪴 마오리 소포라,,,false,false,false,,0,,2024-10-15 22:46
116650,2024-10-01 09:37,48241,,,,new leaf,true,false,false,,1,https://d3jk3dbuafh2pk.cloudfront.net/care-note/d09NsIEloE0dlxPdpAt42v17AAVCN0sl_08936B78-644E-4FE8-9A44-6CEC07BA0E31.png,2024-10-01 09:38
115985,2024-09-30 00:35,61294,,"새 식물을 추가했어요! 🪴 Phyllanthus niruri Vell., 1831",,,true,false,false,,0,,2024-09-30 00:35
115925,2024-09-29 22:04,61268,제주애기모람,새 식물을 추가했어요! 🪴 제주애기모람,,,true,false,false,,1,https://d3jk3dbuafh2pk.cloudfront.net/user-plant/xUxCSDcLEVnlA75uM43U3euQW2X6E8Xd_9167323B-E39D-4F71-8B2E-C2007389437D.jpg,2024-09-29 22:04
115882,2024-09-29 20:29,61246,스킨답서스 픽투스 엑조티카,"새 식물을 추가했어요! 🪴 스킨답서스 픽투스, 엔젤 스킨답서스",,,true,false,false,,1,https://d3jk3dbuafh2pk.cloudfront.net/user-plant/U84CMzLW66p8i7zWzEiFrSsq4ZUcfI0a_829BFFC5-B6B9-4F07-AB8C-79DC2D78E5E3.jpg,2024-09-29 20:29
115592,2024-09-28 00:00,57851,장미허브,순집기함,,,true,false,false,,0,,2024-09-29 10:00
115569,2024-09-29 09:20,48237,올리브나무,"키 50센치
철사로 수형 잡아줌
늦겨울에 가지치기 예정",,new leaf,true,false,false,,2,https://d3jk3dbuafh2pk.cloudfront.net/care-note/SDX3eD9oLwHLKtgIwegtrkmSGoohpd0x_646F9D2A-2CBF-4C9F-8B15-6D06FF933DAC.png|https://d3jk3dbuafh2pk.cloudfront.net/care-note/AqVRvcFYCt1JT0BZhZOmRRJe0FswHG3x_63ED244A-03D5-4FBF-BE04-A4B4D7E64434.png,2024-09-29 09:22
115124,2024-09-27 19:02,60928,,,,,true,false,false,,1,https://d3jk3dbuafh2pk.cloudfront.net/care-note/e5mTO8qujtfMZH0m9JXPTL93d8Q2rQwA_81C1653E-33CD-4126-8816-419147B733EE.png,2024-09-27 19:02
112658,2024-09-22 21:04,59914,필로덴드론 플로리다 뷰티 바리에가타,새 식물을 추가했어요! 🪴 필로덴드론 플로리다 뷰티 바리에가타,,,true,false,false,,1,https://d3jk3dbuafh2pk.cloudfront.net/user-plant/H2RjMNgvysZLYOAc1GtK1dMFbrbhDtgO_DC058410-F6B4-4CD3-929B-7F0A23E85B09.jpg,2024-09-22 21:04
112349,2024-09-22 00:53,53453,파키라,,,,true,false,false,,1,https://d3jk3dbuafh2pk.cloudfront.net/care-note/B1cqvLRoRnH4NMsaJHqSZViN1mqDtiWv_A05EF430-83A1-4FFD-A762-8A9BCDA56FAF.png,2024-09-22 00:53
112347,2024-09-22 00:51,52060,쉐프렐라,,,,true,false,false,,1,https://d3jk3dbuafh2pk.cloudfront.net/care-note/24KQfEtdTBipQdt4b0gJGy09VTUsWfCv_852A1354-F42F-458C-BE05-10EF14234343.png,2024-09-22 00:51
112345,2024-09-22 00:47,59730,골든잉곳아이비,,,,true,false,false,,1,https://d3jk3dbuafh2pk.cloudfront.net/care-note/JVcHJOpiIaUm1wZ1ey3evcx1DhK6V34s_AD219471-6E1F-47FF-8AD8-653A9935B672.png,2024-09-22 00:47
112318,2024-09-21 23:22,59730,골든잉곳아이비,"새 식물을 추가했어요! 🪴 황금송악아이비, 황금송악프릴아이비",,,false,false,false,,0,,2024-09-21 23:22
108931,2024-09-11 21:07,58183,,새 식물을 추가했어요! 🪴 필로덴드론 옥시카르디움 브라질,,,true,false,false,,1,https://d3jk3dbuafh2pk.cloudfront.net/user-plant/Hf9EX3RQLrrs24ZOkDxi18h6uArjNb4q_80890976-C97E-46FD-B041-7BFBB0786007.jpg,2024-09-11 21:07
108218,2024-09-09 22:37,57853,드라세나 수르쿨로사 밀키웨이,새 식물을 추가했어요! 🪴 드라세나 수르쿨로사 밀키웨이,,,true,false,false,,1,https://d3jk3dbuafh2pk.cloudfront.net/user-plant/6lTPOlK2xAIF6PuHwcBEp0h3Kn6vqDwE_D7C48356-28C5-47D7-9C40-4BE89612E37C.jpg,2024-09-09 22:37
108217,2024-09-09 22:33,57852,스테파니아 에렉타,새 식물을 추가했어요! 🪴 스테파니아 에렉타,,,true,false,false,,1,https://d3jk3dbuafh2pk.cloudfront.net/user-plant/j8lmHu7wud4XEcsTGO2EDuprW1iSpjN9_0FEFED87-A832-4F46-A995-4BBB8E8C1E4F.jpg,2024-09-09 22:33
108215,2024-09-09 22:31,57851,장미허브,"새 식물을 추가했어요! 🪴 장미허브, 플렉트란투스",,,true,false,false,,1,https://d3jk3dbuafh2pk.cloudfront.net/user-plant/uZ6tug9ochByYdZeZCiyFBGXY3MsPFTc_D3A3100D-873E-4929-9DE6-BE9A97B6179A.jpg,2024-09-09 22:31
108214,2024-09-09 22:29,57850,쉐프렐라 선버스터,"새 식물을 추가했어요! 🪴 홍콩야자, 쉐프렐라",,,true,false,false,,1,https://d3jk3dbuafh2pk.cloudfront.net/user-plant/4Y9FOlNVNq9xbj9U6OPeCRgQpOPXnuEC_683BE7BF-A401-4163-9637-0ACD08CF339C.jpg,2024-09-09 22:29
107966,2024-09-08 00:00,57746,에피프레넘 피나텀 마블,,,,true,false,false,,1,https://d3jk3dbuafh2pk.cloudfront.net/care-note/BxIGOMtFyWKIV8INaJ456qdwMkN5o5wP_ECE0213D-98EC-4519-8AA3-2BC5E84ECF7C.png,2024-09-09 07:36
105384,2024-09-01 19:37,52060,쉐프렐라,위에서 새잎 나는중,,new leaf,true,false,false,,1,https://d3jk3dbuafh2pk.cloudfront.net/care-note/W5rYrSvZ7X5z4joGGxRT7nNEK96BVPmc_1043A454-2DB0-484B-A4E1-54FC67F22B7A.png,2024-09-01 19:37
105383,2024-09-01 19:27,52055,,삽수 성공한 개채들 하나로 모아서 심어줌,,,true,false,false,,1,https://d3jk3dbuafh2pk.cloudfront.net/care-note/k7JpgQV0pJJEkKZ5bP6eeBDakW3HIPz7_D9099BEB-1DC1-4EAB-96CC-F58A7D10D335.png,2024-09-01 19:27
105382,2024-09-01 19:26,48232,필로덴드론 옥시카르디움 브라질,삽수 성공한 개체들 하나로 모아서 심어줌,,,true,false,false,,1,https://d3jk3dbuafh2pk.cloudfront.net/care-note/WhPJwgcS1g1IVhZHr6vHCd2nTgVFN6k1_5A3D0B8D-22FB-4DDA-8F0E-4EFB13716D9A.png,2024-09-01 19:27
105381,2024-09-01 19:23,56576,,"새 식물을 추가했어요! 🪴 나비란, 무늬접란",,,true,false,false,,1,https://d3jk3dbuafh2pk.cloudfront.net/user-plant/uRfSpDv3fdDgB3bs72yVtKsKd2R1faVp_7B8B449D-5587-4567-9238-68A462943475.jpg,2024-09-01 19:23
105379,2024-09-01 19:22,56574,브레이니아 니보사,"새 식물을 추가했어요! 🪴 브레이니아 니보사, 소코라코",,,true,false,false,,1,https://d3jk3dbuafh2pk.cloudfront.net/user-plant/kKIgK9GlhpWnpIdVHQtJj2RPP62NluvB_5BC5CF60-9AA9-4C1A-998A-C631C033C4A8.jpg,2024-09-01 19:22
105378,2024-09-01 19:21,56573,,새 식물을 추가했어요! 🪴 싱고니움 레드스팟,,,true,false,false,,1,https://d3jk3dbuafh2pk.cloudfront.net/user-plant/G4uYNRGkjCobYL76Q3fgWdlgktHc7XgZ_207B1964-FB07-4C80-B04A-8A5D1EDCB70E.jpg,2024-09-01 19:21
105377,2024-09-01 19:19,56572,에피프레넘 피나텀 바리에가타,새 식물을 추가했어요! 🪴 에피프레넘 피나텀 바리에가타,,,true,false,false,,1,https://d3jk3dbuafh2pk.cloudfront.net/user-plant/kFnvYaPry1T7TSBoH8JXpcMMbat8NpWr_B0461574-0D93-43E9-94BF-D75F8059842C.jpg,2024-09-01 19:19
105375,2024-09-01 19:16,56570,스킨답서스 픽투스 아르지리우스,,,,true,false,false,,1,https://d3jk3dbuafh2pk.cloudfront.net/care-note/K52Fnk1YYfdUq1enJZVlgsH8vS1g2DrO_CF5CED92-3EB7-45B5-B2C2-8AB61299783C.png,2024-09-01 19:16
104230,2024-08-29 21:13,53453,파키라,병해인지 잎이 탄 건지 건조한건지 알 수 없는 이유로 잎에 갈색반점이 생김,,,true,false,false,,1,https://d3jk3dbuafh2pk.cloudfront.net/care-note/oFC3PtpAkyrBRSLysbxzskPIXcaJgw9q_9FFEDD39-E7F2-44F6-B75D-A11CB960AAA3.png,2024-08-29 21:14
101670,2024-08-23 00:00,54869,,,,,true,false,false,,1,https://d3jk3dbuafh2pk.cloudfront.net/care-note/tuN2FoJOqojJ8MxzcnaFjzWl7F45fN8i_0B566DF4-3696-457C-97A5-0487D421E3CE.png,2024-08-24 00:26
101668,2024-08-24 00:24,54867,,"새 식물을 추가했어요! 🪴 카랑코에, 카란코에",,,true,false,false,,1,https://d3jk3dbuafh2pk.cloudfront.net/user-plant/DwpZOF5OmP9BbyYaB4oiSi882WFCCri2_1161647A-E66D-422B-A985-FF327F2B714A.jpg,2024-08-24 00:24
101667,2024-08-24 00:22,54866,,,,,true,false,false,,1,https://d3jk3dbuafh2pk.cloudfront.net/care-note/TmARSeDYRgVVWVED9yyEvVgzdXLahXYp_25BF6A90-882C-454D-AEE2-9C455FCF9282.png,2024-08-24 00:22
101666,2024-08-24 00:20,53531,,,,,true,false,false,,1,https://d3jk3dbuafh2pk.cloudfront.net/care-note/3nRGqzcCd2Ik4DZqcGXsIzjvTlu8bqNl_69A5E797-7EEE-437F-AF26-0CEB1AEB5BA6.png,2024-08-24 00:20
101665,2024-08-23 00:00,54865,,,,,true,false,false,,1,https://d3jk3dbuafh2pk.cloudfront.net/care-note/NHpv7ZdoKiIpq9ljWS1CVBqqQJxUjb4d_43B49E9B-3FF1-4D6C-9C12-D5A763109543.png,2024-08-24 00:18
98586,2024-08-17 09:25,53531,,새 식물을 추가했어요! 🪴 스트렙토카르푸스 삭소롬,,,true,false,false,,1,https://d3jk3dbuafh2pk.cloudfront.net/user-plant/KVKzqYMmWwxEa9sku0m0YU8MSnamIPOt_CE4B0BB7-C553-4F16-9972-067F9719AC46.jpg,2024-08-17 09:25
98433,2024-08-16 20:45,53453,파키라,새 식물을 추가했어요! 🪴 파키라,,,true,false,false,,1,https://d3jk3dbuafh2pk.cloudfront.net/user-plant/okNApy0SWm9pshoecbF9XNvMm8dj8OhN_E5C4F2AC-797B-42B5-B447-2814A5BFDD0E.jpg,2024-08-16 20:45
96018,2024-08-11 23:04,52074,틸란드시아 이오난사,,,,true,false,false,,1,https://d3jk3dbuafh2pk.cloudfront.net/care-note/ojU1MPMIxsy66OwiWUvFWHiTPCh8ct8k_6FD752F3-9B6F-4559-B456-150D0B1383C5.png,2024-08-11 23:04
95644,2024-08-11 13:40,52060,쉐프렐라,,,,true,false,false,,1,https://d3jk3dbuafh2pk.cloudfront.net/care-note/OMwdyZhxNrebhdETQ3R3uQikAQ7b0l4C_428AAB0C-1099-4B0D-951E-91E62D48D791.png,2024-08-11 13:40
95643,2024-08-11 13:39,48237,올리브나무,,,,true,false,false,,1,https://d3jk3dbuafh2pk.cloudfront.net/care-note/60AEXJZURSWEPHNiSjvPjUkDqNmQGgrm_B86E1AD7-296F-4794-85BD-9ADC78A4A40D.png,2024-08-11 13:39
95639,2024-08-11 13:33,52075,틸란드시아,물담그기 한시간,,,true,false,false,,1,https://d3jk3dbuafh2pk.cloudfront.net/care-note/haSxN36tjCIXCyfaD5RuDiiaVG73VBiI_C67F4CB8-9A45-4E49-B15C-1AAE3481FFA0.png,2024-08-11 13:33
95638,2024-08-11 13:32,48234,,,,,true,false,false,,1,https://d3jk3dbuafh2pk.cloudfront.net/care-note/U7hXG77KOajQcn0RWSCJVtpQneZbCLNj_9F24B772-4F9D-4627-A49E-BF13FF6E3ECD.png,2024-08-11 13:32
95352,2024-08-11 00:06,52075,틸란드시아,새 식물을 추가했어요! 🪴 수염틸란드시아,,,false,false,false,,0,,2024-08-11 00:06
95350,2024-08-11 00:04,52074,틸란드시아 이오난사,새 식물을 추가했어요! 🪴 틸란드시아 이오난사,,,false,false,false,,0,,2024-08-11 00:04
95286,2024-08-10 22:49,52062,,새 식물을 추가했어요! 🪴 스투키,,,true,false,false,,1,https://d3jk3dbuafh2pk.cloudfront.net/user-plant/ujyEEmIKiwIv4FciypFVVqLZ9iboJ6hq_3AC97B44-A9F3-440E-AC66-ED4DF0D77B85.jpg,2024-08-10 22:49
95267,2024-08-10 22:39,52060,쉐프렐라,"새 식물을 추가했어요! 🪴 홍콩야자, 쉐프렐라",,,true,false,false,,1,https://d3jk3dbuafh2pk.cloudfront.net/user-plant/iePccZfUfIc9CQqnceHUdiSJFqhQ1O1H_6299CC04-399D-4F6B-A62D-0604A22F848D.jpg,2024-08-10 22:39
95259,2024-08-10 22:33,52059,,새 식물을 추가했어요! 🪴 무늬 호야,,,true,false,false,,1,https://d3jk3dbuafh2pk.cloudfront.net/user-plant/uH8VceISZOtR8CitOA6otQEsgPZ9tKQe_A2C97F3F-97ED-4DC4-8084-CACDAACBBE3B.jpg,2024-08-10 22:33
95254,2024-08-10 22:29,52055,,"새 식물을 추가했어요! 🪴 필로덴드론 옥시카르디움 브라질 트리컬러, 트리칼라",,,true,false,false,,1,https://d3jk3dbuafh2pk.cloudfront.net/user-plant/4l6b6UYd8BCvUwQZ4yKZLgOnmrYJYgoM_887F31AD-4B9A-4CD5-B5F9-6DB56768C3A8.jpg,2024-08-10 22:29
95249,2024-08-10 22:24,48457,,저면관수중,,,false,false,false,,0,,2024-08-10 22:25
95247,2024-08-10 22:23,48232,필로덴드론 옥시카르디움 브라질,8/7에 줄기가 부러지고 슬릿분으로 분갈이,,transplant,true,false,false,,1,https://d3jk3dbuafh2pk.cloudfront.net/care-note/tV7mmXo5Tg00fTykzZr4Hlke3YT04Ghw_085EF9EE-B8C9-451E-B9C6-2D51B557470B.png,2024-08-10 22:24
95244,2024-08-10 22:18,48234,,"슬릿분으로 분갈이 후 실내에서 요양중
휴가토 대립, 휴가토 소립 배수층 깔고 최대한 엄마 흙 보존한 다음 모자란 흙은 상토, 산야초를 5:5 비율로 보충함",,transplant,true,false,false,,1,https://d3jk3dbuafh2pk.cloudfront.net/care-note/wc1GtUVjB1M50rocdsax0HnIyqR2TB35_CD6C03D2-CD17-4619-8EB9-96EBC8A989BF.png,2024-08-10 22:20
91379,2024-08-03 16:52,48238,테이블야자,물이 마르지 않고 화분에 비해 세력이 너무 낮은거 같아서 작은 독일토분에 분갈이해줌,,transplant,true,false,false,,1,https://d3jk3dbuafh2pk.cloudfront.net/care-note/7BUeekRqdr9JfmMWH803SoSVXalhfrMr_B7F2C8D9-C48C-4A11-9EC0-DC154EA5CACD.png,2024-08-03 16:53
87698,2024-07-29 10:14,48457,,새 식물을 추가했어요! 🪴 필로덴드론 옥시카르디움 브라질,,,true,false,false,,1,https://d3jk3dbuafh2pk.cloudfront.net/user-plant/dxUtnhq9zWWdAqkrjUVFn5pNkZFj8ugU_D1736003-3D83-4E33-8B47-AF394B95980F.jpg,2024-07-29 10:14
87267,2024-07-28 19:40,48252,,모체 스킨답서스 생육이 불량하여 수경재배 하다가 엄마가 화분에 심어줌,,vegetative,false,false,false,,0,,2024-07-28 19:41
87266,2024-07-28 19:36,48252,,새 식물을 추가했어요! 🪴 스킨답서스,,,true,false,false,,1,https://d3jk3dbuafh2pk.cloudfront.net/user-plant/nG2sZCI60NvzBVgyHLLwUImMrBwy6ldW_3C9707CE-38B5-4BB9-A335-1D1C64A8E2D8.jpg,2024-07-28 19:36
87258,2024-07-28 18:52,48247,벤자민 고무나무,"새 식물을 추가했어요! 🪴 무늬 벤자민 고무나무, 화이트 벤자민, 스트라이트, 스타라이트, 스트라이프, 스트라이크, ",,,true,false,false,,1,https://d3jk3dbuafh2pk.cloudfront.net/user-plant/CKlO5dEmPtGivQ410nYLcmKJ2ewwqi4N_929B603C-6284-455E-A9EB-2AA5D8F584F4.jpg,2024-07-28 18:52
87246,2024-07-28 18:31,48234,,엄마 집에 요양 갔다왔더니 신엽과 가지가 많이 자랐다,,new leaf,true,false,false,,1,https://d3jk3dbuafh2pk.cloudfront.net/care-note/f75bKcjBOaJePMMIiHAU4WiDWBEYzSYk_0FEADF5B-2D6E-465F-AB1C-7DF9781D582C.jpg,2024-07-28 18:33
87242,2024-07-28 18:26,48241,,새 식물을 추가했어요! 🪴 꿩의비름,,,true,false,false,,1,https://d3jk3dbuafh2pk.cloudfront.net/user-plant/24mMf045sXKRFG8z6VO677nEMAIpIEOW_3C4D69A4-DF9E-4496-AE75-798435383AB5.jpg,2024-07-28 18:26
87238,2024-06-13 00:34,48239,산세베리아,,,,true,false,false,,1,https://d3jk3dbuafh2pk.cloudfront.net/groo/iw2Zk0smJHfb8aMeRFLF__B7B4134A-0B6B-42D5-827E-21F0507A2E6C.jpg,2024-07-28 18:11
87237,2024-06-13 00:41,48238,테이블야자,,,,true,false,false,,1,https://d3jk3dbuafh2pk.cloudfront.net/groo/Px2_nTjhl0l3nkgJvqQeM_F91CE842-DE79-4454-874F-221B11A4C767.jpg,2024-07-28 18:11
87236,2024-06-12 08:02,48237,올리브나무,,,,true,false,false,,1,https://d3jk3dbuafh2pk.cloudfront.net/groo/IOI4KuM_KRsDHkOz43-bB_DCC91B19-0321-4574-83BE-D2DEFA996E14.jpg,2024-07-28 18:11
87235,2024-06-12 08:50,48236,,,,,true,false,false,,1,https://d3jk3dbuafh2pk.cloudfront.net/groo/X6nghhJGtG_H8bpPAHXHG_306AB3A2-4A90-4731-8E51-131173134DCD.jpg,2024-07-28 18:11
87234,2024-06-13 00:01,48235,립살리스 카스타,,,,true,false,false,,1,https://d3jk3dbuafh2pk.cloudfront.net/groo/T2oZFLWMqo6t91HiRfrSG_3F549F69-CBA2-45B0-9848-1E231CD58847.jpg,2024-07-28 18:11
87233,2024-06-13 00:10,48234,,,,,true,false,false,,1,https://d3jk3dbuafh2pk.cloudfront.net/groo/VIUf24ImqOio7ytnY3t7Y_441E2C15-DD9A-4DD9-937C-80063C4FA547.jpg,2024-07-28 18:11
87232,2024-06-13 00:15,48233,,,,,true,false,false,,1,https://d3jk3dbuafh2pk.cloudfront.net/groo/NcLXjKRJkzD_7F1byIN_q_5E8DEDF8-0989-43DC-805F-408830E6F86D.jpg,2024-07-28 18:11
87231,2024-06-13 00:23,48232,필로덴드론 옥시카르디움 브라질,,,,true,false,false,,1,https://d3jk3dbuafh2pk.cloudfront.net/groo/wgZb0UqhUJAhIX6LKKcbY_A95F9F27-4BD8-4316-8293-666D3256F93F.jpg,2024-07-28 18:11